accessible_bidding_strategy,RESOURCE,MESSAGE
accessible_bidding_strategy.id,ATTRIBUTE,INT64
accessible_bidding_strategy.maximize_conversion_value.target_roas,ATTRIBUTE,DOUBLE
accessible_bidding_strategy.maximize_conversions.target_cpa,ATTRIBUTE,INT64
accessible_bidding_strategy.name,ATTRIBUTE,STRING
accessible_bidding_strategy.owner_customer_id,ATTRIBUTE,INT64
accessible_bidding_strategy.owner_descriptive_name,ATTRIBUTE,STRING
accessible_bidding_strategy.resource_name,ATTRIBUTE,RESOURCE_NAME
accessible_bidding_strategy.target_cpa.target_cpa_micros,ATTRIBUTE,INT64
accessible_bidding_strategy.target_impression_share.cpc_bid_ceiling_micros,ATTRIBUTE,INT64
accessible_bidding_strategy.target_impression_share.location,ATTRIBUTE,ENUM
accessible_bidding_strategy.target_impression_share.location_fraction_micros,ATTRIBUTE,INT64
accessible_bidding_strategy.target_roas.target_roas,ATTRIBUTE,DOUBLE
accessible_bidding_strategy.target_spend.cpc_bid_ceiling_micros,ATTRIBUTE,INT64
accessible_bidding_strategy.target_spend.target_spend_micros,ATTRIBUTE,INT64
accessible_bidding_strategy.type,ATTRIBUTE,ENUM
account_budget,RESOURCE,MESSAGE
account_budget.adjusted_spending_limit_micros,ATTRIBUTE,INT64
account_budget.adjusted_spending_limit_type,ATTRIBUTE,ENUM
account_budget.amount_served_micros,ATTRIBUTE,INT64
account_budget.approved_end_date_time,ATTRIBUTE,DATE
account_budget.approved_end_time_type,ATTRIBUTE,ENUM
account_budget.approved_spending_limit_micros,ATTRIBUTE,INT64
account_budget.approved_spending_limit_type,ATTRIBUTE,ENUM
account_budget.approved_start_date_time,ATTRIBUTE,DATE
account_budget.billing_setup,ATTRIBUTE,RESOURCE_NAME
account_budget.id,ATTRIBUTE,INT64
account_budget.name,ATTRIBUTE,STRING
account_budget.notes,ATTRIBUTE,STRING
account_budget.pending_proposal.account_budget_proposal,ATTRIBUTE,RESOURCE_NAME
account_budget.pending_proposal.creation_date_time,ATTRIBUTE,DATE
account_budget.pending_proposal.end_date_time,ATTRIBUTE,DATE
account_budget.pending_proposal.end_time_type,ATTRIBUTE,ENUM
account_budget.pending_proposal.name,ATTRIBUTE,STRING
account_budget.pending_proposal.notes,ATTRIBUTE,STRING
account_budget.pending_proposal.proposal_type,ATTRIBUTE,ENUM
account_budget.pending_proposal.purchase_order_number,ATTRIBUTE,STRING
account_budget.pending_proposal.spending_limit_micros,ATTRIBUTE,INT64
account_budget.pending_proposal.spending_limit_type,ATTRIBUTE,ENUM
account_budget.pending_proposal.start_date_time,ATTRIBUTE,DATE
account_budget.proposed_end_date_time,ATTRIBUTE,DATE
account_budget.proposed_end_time_type,ATTRIBUTE,ENUM
account_budget.proposed_spending_limit_micros,ATTRIBUTE,INT64
account_budget.proposed_spending_limit_type,ATTRIBUTE,ENUM
account_budget.proposed_start_date_time,ATTRIBUTE,DATE
account_budget.purchase_order_number,ATTRIBUTE,STRING
account_budget.resource_name,ATTRIBUTE,RESOURCE_NAME
account_budget.status,ATTRIBUTE,ENUM
account_budget.total_adjustments_micros,ATTRIBUTE,INT64
account_budget_proposal,RESOURCE,MESSAGE
account_budget_proposal.account_budget,ATTRIBUTE,RESOURCE_NAME
account_budget_proposal.approval_date_time,ATTRIBUTE,DATE
account_budget_proposal.approved_end_date_time,ATTRIBUTE,DATE
account_budget_proposal.approved_end_time_type,ATTRIBUTE,ENUM
account_budget_proposal.approved_spending_limit_micros,ATTRIBUTE,INT64
account_budget_proposal.approved_spending_limit_type,ATTRIBUTE,ENUM
account_budget_proposal.approved_start_date_time,ATTRIBUTE,DATE
account_budget_proposal.billing_setup,ATTRIBUTE,RESOURCE_NAME
account_budget_proposal.creation_date_time,ATTRIBUTE,DATE
account_budget_proposal.id,ATTRIBUTE,INT64
account_budget_proposal.proposal_type,ATTRIBUTE,ENUM
account_budget_proposal.proposed_end_date_time,ATTRIBUTE,DATE
account_budget_proposal.proposed_end_time_type,ATTRIBUTE,ENUM
account_budget_proposal.proposed_name,ATTRIBUTE,STRING
account_budget_proposal.proposed_notes,ATTRIBUTE,STRING
account_budget_proposal.proposed_purchase_order_number,ATTRIBUTE,STRING
account_budget_proposal.proposed_spending_limit_micros,ATTRIBUTE,INT64
account_budget_proposal.proposed_spending_limit_type,ATTRIBUTE,ENUM
account_budget_proposal.proposed_start_date_time,ATTRIBUTE,DATE
account_budget_proposal.resource_name,ATTRIBUTE,RESOURCE_NAME
account_budget_proposal.status,ATTRIBUTE,ENUM
account_link,RESOURCE,MESSAGE
account_link.account_link_id,ATTRIBUTE,INT64
account_link.data_partner.data_partner_id,ATTRIBUTE,INT64
account_link.google_ads.customer,ATTRIBUTE,RESOURCE_NAME
account_link.resource_name,ATTRIBUTE,RESOURCE_NAME
account_link.status,ATTRIBUTE,ENUM
account_link.third_party_app_analytics.app_analytics_provider_id,ATTRIBUTE,INT64
account_link.third_party_app_analytics.app_id,ATTRIBUTE,STRING
account_link.third_party_app_analytics.app_vendor,ATTRIBUTE,ENUM
account_link.type,ATTRIBUTE,ENUM
ad_group,RESOURCE,MESSAGE
ad_group.ad_rotation_mode,ATTRIBUTE,ENUM
ad_group.base_ad_group,ATTRIBUTE,RESOURCE_NAME
ad_group.campaign,ATTRIBUTE,RESOURCE_NAME
ad_group.cpc_bid_micros,ATTRIBUTE,INT64
ad_group.cpm_bid_micros,ATTRIBUTE,INT64
ad_group.cpv_bid_micros,ATTRIBUTE,INT64
ad_group.display_custom_bid_dimension,ATTRIBUTE,ENUM
ad_group.effective_target_cpa_micros,ATTRIBUTE,INT64
ad_group.effective_target_cpa_source,ATTRIBUTE,ENUM
ad_group.effective_target_roas,ATTRIBUTE,DOUBLE
ad_group.effective_target_roas_source,ATTRIBUTE,ENUM
ad_group.excluded_parent_asset_field_types,ATTRIBUTE,ENUM
ad_group.explorer_auto_optimizer_setting.opt_in,ATTRIBUTE,BOOLEAN
ad_group.final_url_suffix,ATTRIBUTE,STRING
ad_group.id,ATTRIBUTE,INT64
ad_group.labels,ATTRIBUTE,RESOURCE_NAME
ad_group.name,ATTRIBUTE,STRING
ad_group.percent_cpc_bid_micros,ATTRIBUTE,INT64
ad_group.resource_name,ATTRIBUTE,RESOURCE_NAME
ad_group.status,ATTRIBUTE,ENUM
ad_group.target_cpa_micros,ATTRIBUTE,INT64
ad_group.target_cpm_micros,ATTRIBUTE,INT64
ad_group.target_roas,ATTRIBUTE,DOUBLE
ad_group.targeting_setting.target_restrictions,ATTRIBUTE,MESSAGE
ad_group.tracking_url_template,ATTRIBUTE,STRING
ad_group.type,ATTRIBUTE,ENUM
ad_group.url_custom_parameters,ATTRIBUTE,MESSAGE
ad_group_ad,RESOURCE,MESSAGE
ad_group_ad.action_items,ATTRIBUTE,STRING
ad_group_ad.ad.added_by_google_ads,ATTRIBUTE,BOOLEAN
ad_group_ad.ad.app_ad.descriptions,ATTRIBUTE,MESSAGE
ad_group_ad.ad.app_ad.headlines,ATTRIBUTE,MESSAGE
ad_group_ad.ad.app_ad.html5_media_bundles,ATTRIBUTE,MESSAGE
ad_group_ad.ad.app_ad.html5_media_bundles.asset,ATTRIBUTE,RESOURCE_NAME
ad_group_ad.ad.app_ad.images,ATTRIBUTE,MESSAGE
ad_group_ad.ad.app_ad.images.asset,ATTRIBUTE,RESOURCE_NAME
ad_group_ad.ad.app_ad.mandatory_ad_text,ATTRIBUTE,MESSAGE
ad_group_ad.ad.app_ad.youtube_videos,ATTRIBUTE,MESSAGE
ad_group_ad.ad.app_ad.youtube_videos.asset,ATTRIBUTE,RESOURCE_NAME
ad_group_ad.ad.app_engagement_ad.descriptions,ATTRIBUTE,MESSAGE
ad_group_ad.ad.app_engagement_ad.headlines,ATTRIBUTE,MESSAGE
ad_group_ad.ad.app_engagement_ad.images,ATTRIBUTE,MESSAGE
ad_group_ad.ad.app_engagement_ad.images.asset,ATTRIBUTE,RESOURCE_NAME
ad_group_ad.ad.app_engagement_ad.videos,ATTRIBUTE,MESSAGE
ad_group_ad.ad.app_engagement_ad.videos.asset,ATTRIBUTE,RESOURCE_NAME
ad_group_ad.ad.call_ad.business_name,ATTRIBUTE,STRING
ad_group_ad.ad.call_ad.call_tracked,ATTRIBUTE,BOOLEAN
ad_group_ad.ad.call_ad.conversion_action,ATTRIBUTE,RESOURCE_NAME
ad_group_ad.ad.call_ad.conversion_reporting_state,ATTRIBUTE,ENUM
ad_group_ad.ad.call_ad.country_code,ATTRIBUTE,STRING
ad_group_ad.ad.call_ad.description1,ATTRIBUTE,STRING
ad_group_ad.ad.call_ad.description2,ATTRIBUTE,STRING
ad_group_ad.ad.call_ad.disable_call_conversion,ATTRIBUTE,BOOLEAN
ad_group_ad.ad.call_ad.headline1,ATTRIBUTE,STRING
ad_group_ad.ad.call_ad.headline2,ATTRIBUTE,STRING
ad_group_ad.ad.call_ad.path1,ATTRIBUTE,STRING
ad_group_ad.ad.call_ad.path2,ATTRIBUTE,STRING
ad_group_ad.ad.call_ad.phone_number,ATTRIBUTE,STRING
ad_group_ad.ad.call_ad.phone_number_verification_url,ATTRIBUTE,STRING
ad_group_ad.ad.device_preference,ATTRIBUTE,ENUM
ad_group_ad.ad.display_upload_ad.display_upload_product_type,ATTRIBUTE,ENUM
ad_group_ad.ad.display_upload_ad.media_bundle,ATTRIBUTE,MESSAGE
ad_group_ad.ad.display_upload_ad.media_bundle.asset,ATTRIBUTE,RESOURCE_NAME
ad_group_ad.ad.display_url,ATTRIBUTE,STRING
ad_group_ad.ad.expanded_dynamic_search_ad.description,ATTRIBUTE,STRING
ad_group_ad.ad.expanded_dynamic_search_ad.description2,ATTRIBUTE,STRING
ad_group_ad.ad.expanded_text_ad.description,ATTRIBUTE,STRING
ad_group_ad.ad.expanded_text_ad.description2,ATTRIBUTE,STRING
ad_group_ad.ad.expanded_text_ad.headline_part1,ATTRIBUTE,STRING
ad_group_ad.ad.expanded_text_ad.headline_part2,ATTRIBUTE,STRING
ad_group_ad.ad.expanded_text_ad.headline_part3,ATTRIBUTE,STRING
ad_group_ad.ad.expanded_text_ad.path1,ATTRIBUTE,STRING
ad_group_ad.ad.expanded_text_ad.path2,ATTRIBUTE,STRING
ad_group_ad.ad.final_app_urls,ATTRIBUTE,MESSAGE
ad_group_ad.ad.final_mobile_urls,ATTRIBUTE,STRING
ad_group_ad.ad.final_url_suffix,ATTRIBUTE,STRING
ad_group_ad.ad.final_urls,ATTRIBUTE,STRING
ad_group_ad.ad.gmail_ad.header_image,ATTRIBUTE,RESOURCE_NAME
ad_group_ad.ad.gmail_ad.marketing_image,ATTRIBUTE,RESOURCE_NAME
ad_group_ad.ad.gmail_ad.marketing_image_description,ATTRIBUTE,STRING
ad_group_ad.ad.gmail_ad.marketing_image_display_call_to_action.text,ATTRIBUTE,STRING
ad_group_ad.ad.gmail_ad.marketing_image_display_call_to_action.text_color,ATTRIBUTE,STRING
ad_group_ad.ad.gmail_ad.marketing_image_display_call_to_action.url_collection_id,ATTRIBUTE,STRING
ad_group_ad.ad.gmail_ad.marketing_image_headline,ATTRIBUTE,STRING
ad_group_ad.ad.gmail_ad.product_images,ATTRIBUTE,MESSAGE
ad_group_ad.ad.gmail_ad.product_images.product_image,ATTRIBUTE,RESOURCE_NAME
ad_group_ad.ad.gmail_ad.product_videos,ATTRIBUTE,MESSAGE
ad_group_ad.ad.gmail_ad.product_videos.product_video,ATTRIBUTE,RESOURCE_NAME
ad_group_ad.ad.gmail_ad.teaser.business_name,ATTRIBUTE,STRING
ad_group_ad.ad.gmail_ad.teaser.description,ATTRIBUTE,STRING
ad_group_ad.ad.gmail_ad.teaser.headline,ATTRIBUTE,STRING
ad_group_ad.ad.gmail_ad.teaser.logo_image,ATTRIBUTE,RESOURCE_NAME
ad_group_ad.ad.hotel_ad,ATTRIBUTE,MESSAGE
ad_group_ad.ad.id,ATTRIBUTE,INT64
ad_group_ad.ad.image_ad.image_url,ATTRIBUTE,STRING
ad_group_ad.ad.image_ad.media_file,ATTRIBUTE,RESOURCE_NAME
ad_group_ad.ad.image_ad.mime_type,ATTRIBUTE,ENUM
ad_group_ad.ad.image_ad.name,ATTRIBUTE,STRING
ad_group_ad.ad.image_ad.pixel_height,ATTRIBUTE,INT64
ad_group_ad.ad.image_ad.pixel_width,ATTRIBUTE,INT64
ad_group_ad.ad.image_ad.preview_image_url,ATTRIBUTE,STRING
ad_group_ad.ad.image_ad.preview_pixel_height,ATTRIBUTE,INT64
ad_group_ad.ad.image_ad.preview_pixel_width,ATTRIBUTE,INT64
ad_group_ad.ad.legacy_app_install_ad,ATTRIBUTE,MESSAGE
ad_group_ad.ad.legacy_responsive_display_ad.accent_color,ATTRIBUTE,STRING
ad_group_ad.ad.legacy_responsive_display_ad.allow_flexible_color,ATTRIBUTE,BOOLEAN
ad_group_ad.ad.legacy_responsive_display_ad.business_name,ATTRIBUTE,STRING
ad_group_ad.ad.legacy_responsive_display_ad.call_to_action_text,ATTRIBUTE,STRING
ad_group_ad.ad.legacy_responsive_display_ad.description,ATTRIBUTE,STRING
ad_group_ad.ad.legacy_responsive_display_ad.format_setting,ATTRIBUTE,ENUM
ad_group_ad.ad.legacy_responsive_display_ad.logo_image,ATTRIBUTE,RESOURCE_NAME
ad_group_ad.ad.legacy_responsive_display_ad.long_headline,ATTRIBUTE,STRING
ad_group_ad.ad.legacy_responsive_display_ad.main_color,ATTRIBUTE,STRING
ad_group_ad.ad.legacy_responsive_display_ad.marketing_image,ATTRIBUTE,RESOURCE_NAME
ad_group_ad.ad.legacy_responsive_display_ad.price_prefix,ATTRIBUTE,STRING
ad_group_ad.ad.legacy_responsive_display_ad.promo_text,ATTRIBUTE,STRING
ad_group_ad.ad.legacy_responsive_display_ad.short_headline,ATTRIBUTE,STRING
ad_group_ad.ad.legacy_responsive_display_ad.square_logo_image,ATTRIBUTE,RESOURCE_NAME
ad_group_ad.ad.legacy_responsive_display_ad.square_marketing_image,ATTRIBUTE,RESOURCE_NAME
ad_group_ad.ad.local_ad.call_to_actions,ATTRIBUTE,MESSAGE
ad_group_ad.ad.local_ad.descriptions,ATTRIBUTE,MESSAGE
ad_group_ad.ad.local_ad.headlines,ATTRIBUTE,MESSAGE
ad_group_ad.ad.local_ad.logo_images,ATTRIBUTE,MESSAGE
ad_group_ad.ad.local_ad.logo_images.asset,ATTRIBUTE,RESOURCE_NAME
ad_group_ad.ad.local_ad.marketing_images,ATTRIBUTE,MESSAGE
ad_group_ad.ad.local_ad.marketing_images.asset,ATTRIBUTE,RESOURCE_NAME
ad_group_ad.ad.local_ad.path1,ATTRIBUTE,STRING
ad_group_ad.ad.local_ad.path2,ATTRIBUTE,STRING
ad_group_ad.ad.local_ad.videos,ATTRIBUTE,MESSAGE
ad_group_ad.ad.local_ad.videos.asset,ATTRIBUTE,RESOURCE_NAME
ad_group_ad.ad.name,ATTRIBUTE,STRING
ad_group_ad.ad.resource_name,ATTRIBUTE,RESOURCE_NAME
ad_group_ad.ad.responsive_display_ad.accent_color,ATTRIBUTE,STRING
ad_group_ad.ad.responsive_display_ad.allow_flexible_color,ATTRIBUTE,BOOLEAN
ad_group_ad.ad.responsive_display_ad.business_name,ATTRIBUTE,STRING
ad_group_ad.ad.responsive_display_ad.call_to_action_text,ATTRIBUTE,STRING
ad_group_ad.ad.responsive_display_ad.control_spec.enable_asset_enhancements,ATTRIBUTE,BOOLEAN
ad_group_ad.ad.responsive_display_ad.control_spec.enable_autogen_video,ATTRIBUTE,BOOLEAN
ad_group_ad.ad.responsive_display_ad.descriptions,ATTRIBUTE,MESSAGE
ad_group_ad.ad.responsive_display_ad.format_setting,ATTRIBUTE,ENUM
ad_group_ad.ad.responsive_display_ad.headlines,ATTRIBUTE,MESSAGE
ad_group_ad.ad.responsive_display_ad.logo_images,ATTRIBUTE,MESSAGE
ad_group_ad.ad.responsive_display_ad.logo_images.asset,ATTRIBUTE,RESOURCE_NAME
ad_group_ad.ad.responsive_display_ad.long_headline,ATTRIBUTE,MESSAGE
ad_group_ad.ad.responsive_display_ad.main_color,ATTRIBUTE,STRING
ad_group_ad.ad.responsive_display_ad.marketing_images,ATTRIBUTE,MESSAGE
ad_group_ad.ad.responsive_display_ad.marketing_images.asset,ATTRIBUTE,RESOURCE_NAME
ad_group_ad.ad.responsive_display_ad.price_prefix,ATTRIBUTE,STRING
ad_group_ad.ad.responsive_display_ad.promo_text,ATTRIBUTE,STRING
ad_group_ad.ad.responsive_display_ad.square_logo_images,ATTRIBUTE,MESSAGE
ad_group_ad.ad.responsive_display_ad.square_logo_images.asset,ATTRIBUTE,RESOURCE_NAME
ad_group_ad.ad.responsive_display_ad.square_marketing_images,ATTRIBUTE,MESSAGE
ad_group_ad.ad.responsive_display_ad.square_marketing_images.asset,ATTRIBUTE,RESOURCE_NAME
ad_group_ad.ad.responsive_display_ad.youtube_videos,ATTRIBUTE,MESSAGE
ad_group_ad.ad.responsive_display_ad.youtube_videos.asset,ATTRIBUTE,RESOURCE_NAME
ad_group_ad.ad.responsive_search_ad.descriptions,ATTRIBUTE,MESSAGE
ad_group_ad.ad.responsive_search_ad.headlines,ATTRIBUTE,MESSAGE
ad_group_ad.ad.responsive_search_ad.path1,ATTRIBUTE,STRING
ad_group_ad.ad.responsive_search_ad.path2,ATTRIBUTE,STRING
ad_group_ad.ad.shopping_comparison_listing_ad.headline,ATTRIBUTE,STRING
ad_group_ad.ad.shopping_product_ad,ATTRIBUTE,MESSAGE
ad_group_ad.ad.shopping_smart_ad,ATTRIBUTE,MESSAGE
ad_group_ad.ad.smart_campaign_ad.descriptions,ATTRIBUTE,MESSAGE
ad_group_ad.ad.smart_campaign_ad.headlines,ATTRIBUTE,MESSAGE
ad_group_ad.ad.system_managed_resource_source,ATTRIBUTE,ENUM
ad_group_ad.ad.text_ad.description1,ATTRIBUTE,STRING
ad_group_ad.ad.text_ad.description2,ATTRIBUTE,STRING
ad_group_ad.ad.text_ad.headline,ATTRIBUTE,STRING
ad_group_ad.ad.tracking_url_template,ATTRIBUTE,STRING
ad_group_ad.ad.type,ATTRIBUTE,ENUM
ad_group_ad.ad.url_collections,ATTRIBUTE,MESSAGE
ad_group_ad.ad.url_custom_parameters,ATTRIBUTE,MESSAGE
ad_group_ad.ad.video_ad.bumper.companion_banner,ATTRIBUTE,RESOURCE_NAME
ad_group_ad.ad.video_ad.discovery.description1,ATTRIBUTE,STRING
ad_group_ad.ad.video_ad.discovery.description2,ATTRIBUTE,STRING
ad_group_ad.ad.video_ad.discovery.headline,ATTRIBUTE,STRING
ad_group_ad.ad.video_ad.in_stream.action_button_label,ATTRIBUTE,STRING
ad_group_ad.ad.video_ad.in_stream.action_headline,ATTRIBUTE,STRING
ad_group_ad.ad.video_ad.in_stream.companion_banner,ATTRIBUTE,RESOURCE_NAME
ad_group_ad.ad.video_ad.media_file,ATTRIBUTE,RESOURCE_NAME
ad_group_ad.ad.video_ad.non_skippable.companion_banner,ATTRIBUTE,RESOURCE_NAME
ad_group_ad.ad.video_ad.out_stream.description,ATTRIBUTE,STRING
ad_group_ad.ad.video_ad.out_stream.headline,ATTRIBUTE,STRING
ad_group_ad.ad.video_responsive_ad.call_to_actions,ATTRIBUTE,MESSAGE
ad_group_ad.ad.video_responsive_ad.companion_banners,ATTRIBUTE,MESSAGE
ad_group_ad.ad.video_responsive_ad.companion_banners.asset,ATTRIBUTE,RESOURCE_NAME
ad_group_ad.ad.video_responsive_ad.descriptions,ATTRIBUTE,MESSAGE
ad_group_ad.ad.video_responsive_ad.headlines,ATTRIBUTE,MESSAGE
ad_group_ad.ad.video_responsive_ad.long_headlines,ATTRIBUTE,MESSAGE
ad_group_ad.ad.video_responsive_ad.videos,ATTRIBUTE,MESSAGE
ad_group_ad.ad.video_responsive_ad.videos.asset,ATTRIBUTE,RESOURCE_NAME
ad_group_ad.ad_group,ATTRIBUTE,RESOURCE_NAME
ad_group_ad.ad_strength,ATTRIBUTE,ENUM
ad_group_ad.labels,ATTRIBUTE,RESOURCE_NAME
ad_group_ad.policy_summary.approval_status,ATTRIBUTE,ENUM
ad_group_ad.policy_summary.policy_topic_entries,ATTRIBUTE,MESSAGE
ad_group_ad.policy_summary.review_status,ATTRIBUTE,ENUM
ad_group_ad.resource_name,ATTRIBUTE,RESOURCE_NAME
ad_group_ad.status,ATTRIBUTE,ENUM
ad_group_ad_asset_view,RESOURCE,MESSAGE
ad_group_ad_asset_view.ad_group_ad,ATTRIBUTE,RESOURCE_NAME
ad_group_ad_asset_view.asset,ATTRIBUTE,RESOURCE_NAME
ad_group_ad_asset_view.enabled,ATTRIBUTE,BOOLEAN
ad_group_ad_asset_view.field_type,ATTRIBUTE,ENUM
ad_group_ad_asset_view.performance_label,ATTRIBUTE,ENUM
ad_group_ad_asset_view.policy_summary,ATTRIBUTE,MESSAGE
ad_group_ad_asset_view.resource_name,ATTRIBUTE,RESOURCE_NAME
ad_group_ad_label,RESOURCE,MESSAGE
ad_group_ad_label.ad_group_ad,ATTRIBUTE,RESOURCE_NAME
ad_group_ad_label.label,ATTRIBUTE,RESOURCE_NAME
ad_group_ad_label.resource_name,ATTRIBUTE,RESOURCE_NAME
ad_group_asset,RESOURCE,MESSAGE
ad_group_asset.ad_group,ATTRIBUTE,RESOURCE_NAME
ad_group_asset.asset,ATTRIBUTE,RESOURCE_NAME
ad_group_asset.field_type,ATTRIBUTE,ENUM
ad_group_asset.resource_name,ATTRIBUTE,RESOURCE_NAME
ad_group_asset.status,ATTRIBUTE,ENUM
ad_group_audience_view,RESOURCE,MESSAGE
ad_group_audience_view.resource_name,ATTRIBUTE,RESOURCE_NAME
ad_group_bid_modifier,RESOURCE,MESSAGE
ad_group_bid_modifier.ad_group,ATTRIBUTE,RESOURCE_NAME
ad_group_bid_modifier.base_ad_group,ATTRIBUTE,RESOURCE_NAME
ad_group_bid_modifier.bid_modifier,ATTRIBUTE,DOUBLE
ad_group_bid_modifier.bid_modifier_source,ATTRIBUTE,ENUM
ad_group_bid_modifier.criterion_id,ATTRIBUTE,INT64
ad_group_bid_modifier.device.type,ATTRIBUTE,ENUM
ad_group_bid_modifier.hotel_advance_booking_window.max_days,ATTRIBUTE,INT64
ad_group_bid_modifier.hotel_advance_booking_window.min_days,ATTRIBUTE,INT64
ad_group_bid_modifier.hotel_check_in_date_range.end_date,ATTRIBUTE,STRING
ad_group_bid_modifier.hotel_check_in_date_range.start_date,ATTRIBUTE,STRING
ad_group_bid_modifier.hotel_check_in_day.day_of_week,ATTRIBUTE,ENUM
ad_group_bid_modifier.hotel_date_selection_type.type,ATTRIBUTE,ENUM
ad_group_bid_modifier.hotel_length_of_stay.max_nights,ATTRIBUTE,INT64
ad_group_bid_modifier.hotel_length_of_stay.min_nights,ATTRIBUTE,INT64
ad_group_bid_modifier.preferred_content.type,ATTRIBUTE,ENUM
ad_group_bid_modifier.resource_name,ATTRIBUTE,RESOURCE_NAME
ad_group_criterion,RESOURCE,MESSAGE
ad_group_criterion.ad_group,ATTRIBUTE,RESOURCE_NAME
ad_group_criterion.age_range.type,ATTRIBUTE,ENUM
ad_group_criterion.app_payment_model.type,ATTRIBUTE,ENUM
ad_group_criterion.approval_status,ATTRIBUTE,ENUM
ad_group_criterion.bid_modifier,ATTRIBUTE,DOUBLE
ad_group_criterion.combined_audience.combined_audience,ATTRIBUTE,RESOURCE_NAME
ad_group_criterion.cpc_bid_micros,ATTRIBUTE,INT64
ad_group_criterion.cpm_bid_micros,ATTRIBUTE,INT64
ad_group_criterion.cpv_bid_micros,ATTRIBUTE,INT64
ad_group_criterion.criterion_id,ATTRIBUTE,INT64
ad_group_criterion.custom_affinity.custom_affinity,ATTRIBUTE,RESOURCE_NAME
ad_group_criterion.custom_audience.custom_audience,ATTRIBUTE,RESOURCE_NAME
ad_group_criterion.custom_intent.custom_intent,ATTRIBUTE,RESOURCE_NAME
ad_group_criterion.disapproval_reasons,ATTRIBUTE,STRING
ad_group_criterion.display_name,ATTRIBUTE,STRING
ad_group_criterion.effective_cpc_bid_micros,ATTRIBUTE,INT64
ad_group_criterion.effective_cpc_bid_source,ATTRIBUTE,ENUM
ad_group_criterion.effective_cpm_bid_micros,ATTRIBUTE,INT64
ad_group_criterion.effective_cpm_bid_source,ATTRIBUTE,ENUM
ad_group_criterion.effective_cpv_bid_micros,ATTRIBUTE,INT64
ad_group_criterion.effective_cpv_bid_source,ATTRIBUTE,ENUM
ad_group_criterion.effective_percent_cpc_bid_micros,ATTRIBUTE,INT64
ad_group_criterion.effective_percent_cpc_bid_source,ATTRIBUTE,ENUM
ad_group_criterion.final_mobile_urls,ATTRIBUTE,STRING
ad_group_criterion.final_url_suffix,ATTRIBUTE,STRING
ad_group_criterion.final_urls,ATTRIBUTE,STRING
ad_group_criterion.gender.type,ATTRIBUTE,ENUM
ad_group_criterion.income_range.type,ATTRIBUTE,ENUM
ad_group_criterion.keyword.match_type,ATTRIBUTE,ENUM
ad_group_criterion.keyword.text,ATTRIBUTE,STRING
ad_group_criterion.labels,ATTRIBUTE,RESOURCE_NAME
ad_group_criterion.listing_group.case_value.hotel_city.city_criterion,ATTRIBUTE,RESOURCE_NAME
ad_group_criterion.listing_group.case_value.hotel_class.value,ATTRIBUTE,INT64
ad_group_criterion.listing_group.case_value.hotel_country_region.country_region_criterion,ATTRIBUTE,RESOURCE_NAME
ad_group_criterion.listing_group.case_value.hotel_id.value,ATTRIBUTE,STRING
ad_group_criterion.listing_group.case_value.hotel_state.state_criterion,ATTRIBUTE,RESOURCE_NAME
ad_group_criterion.listing_group.case_value.product_bidding_category.country_code,ATTRIBUTE,STRING
ad_group_criterion.listing_group.case_value.product_bidding_category.id,ATTRIBUTE,INT64
ad_group_criterion.listing_group.case_value.product_bidding_category.level,ATTRIBUTE,ENUM
ad_group_criterion.listing_group.case_value.product_brand.value,ATTRIBUTE,STRING
ad_group_criterion.listing_group.case_value.product_channel.channel,ATTRIBUTE,ENUM
ad_group_criterion.listing_group.case_value.product_channel_exclusivity.channel_exclusivity,ATTRIBUTE,ENUM
ad_group_criterion.listing_group.case_value.product_condition.condition,ATTRIBUTE,ENUM
ad_group_criterion.listing_group.case_value.product_custom_attribute.index,ATTRIBUTE,ENUM
ad_group_criterion.listing_group.case_value.product_custom_attribute.value,ATTRIBUTE,STRING
ad_group_criterion.listing_group.case_value.product_item_id.value,ATTRIBUTE,STRING
ad_group_criterion.listing_group.case_value.product_type.level,ATTRIBUTE,ENUM
ad_group_criterion.listing_group.case_value.product_type.value,ATTRIBUTE,STRING
ad_group_criterion.listing_group.parent_ad_group_criterion,ATTRIBUTE,RESOURCE_NAME
ad_group_criterion.listing_group.type,ATTRIBUTE,ENUM
ad_group_criterion.mobile_app_category.mobile_app_category_constant,ATTRIBUTE,RESOURCE_NAME
ad_group_criterion.mobile_application.app_id,ATTRIBUTE,STRING
ad_group_criterion.mobile_application.name,ATTRIBUTE,STRING
ad_group_criterion.negative,ATTRIBUTE,BOOLEAN
ad_group_criterion.parental_status.type,ATTRIBUTE,ENUM
ad_group_criterion.percent_cpc_bid_micros,ATTRIBUTE,INT64
ad_group_criterion.placement.url,ATTRIBUTE,STRING
ad_group_criterion.position_estimates.estimated_add_clicks_at_first_position_cpc,ATTRIBUTE,INT64
ad_group_criterion.position_estimates.estimated_add_cost_at_first_position_cpc,ATTRIBUTE,INT64
ad_group_criterion.position_estimates.first_page_cpc_micros,ATTRIBUTE,INT64
ad_group_criterion.position_estimates.first_position_cpc_micros,ATTRIBUTE,INT64
ad_group_criterion.position_estimates.top_of_page_cpc_micros,ATTRIBUTE,INT64
ad_group_criterion.quality_info.creative_quality_score,ATTRIBUTE,ENUM
ad_group_criterion.quality_info.post_click_quality_score,ATTRIBUTE,ENUM
ad_group_criterion.quality_info.quality_score,ATTRIBUTE,INT32
ad_group_criterion.quality_info.search_predicted_ctr,ATTRIBUTE,ENUM
ad_group_criterion.resource_name,ATTRIBUTE,RESOURCE_NAME
ad_group_criterion.status,ATTRIBUTE,ENUM
ad_group_criterion.system_serving_status,ATTRIBUTE,ENUM
ad_group_criterion.topic.path,ATTRIBUTE,STRING
ad_group_criterion.topic.topic_constant,ATTRIBUTE,RESOURCE_NAME
ad_group_criterion.tracking_url_template,ATTRIBUTE,STRING
ad_group_criterion.type,ATTRIBUTE,ENUM
ad_group_criterion.url_custom_parameters,ATTRIBUTE,MESSAGE
ad_group_criterion.user_interest.user_interest_category,ATTRIBUTE,RESOURCE_NAME
ad_group_criterion.user_list.user_list,ATTRIBUTE,RESOURCE_NAME
ad_group_criterion.webpage.conditions,ATTRIBUTE,MESSAGE
ad_group_criterion.webpage.coverage_percentage,ATTRIBUTE,DOUBLE
ad_group_criterion.webpage.criterion_name,ATTRIBUTE,STRING
ad_group_criterion.webpage.sample.sample_urls,ATTRIBUTE,STRING
ad_group_criterion.youtube_channel.channel_id,ATTRIBUTE,STRING
ad_group_criterion.youtube_video.video_id,ATTRIBUTE,STRING
ad_group_criterion_label,RESOURCE,MESSAGE
ad_group_criterion_label.ad_group_criterion,ATTRIBUTE,RESOURCE_NAME
ad_group_criterion_label.label,ATTRIBUTE,RESOURCE_NAME
ad_group_criterion_label.resource_name,ATTRIBUTE,RESOURCE_NAME
ad_group_criterion_simulation,RESOURCE,MESSAGE
ad_group_criterion_simulation.ad_group_id,ATTRIBUTE,INT64
ad_group_criterion_simulation.cpc_bid_point_list.points,ATTRIBUTE,MESSAGE
ad_group_criterion_simulation.criterion_id,ATTRIBUTE,INT64
ad_group_criterion_simulation.end_date,ATTRIBUTE,DATE
ad_group_criterion_simulation.modification_method,ATTRIBUTE,ENUM
ad_group_criterion_simulation.percent_cpc_bid_point_list.points,ATTRIBUTE,MESSAGE
ad_group_criterion_simulation.resource_name,ATTRIBUTE,RESOURCE_NAME
ad_group_criterion_simulation.start_date,ATTRIBUTE,DATE
ad_group_criterion_simulation.type,ATTRIBUTE,ENUM
ad_group_extension_setting,RESOURCE,MESSAGE
ad_group_extension_setting.ad_group,ATTRIBUTE,RESOURCE_NAME
ad_group_extension_setting.device,ATTRIBUTE,ENUM
ad_group_extension_setting.extension_feed_items,ATTRIBUTE,RESOURCE_NAME
ad_group_extension_setting.extension_type,ATTRIBUTE,ENUM
ad_group_extension_setting.resource_name,ATTRIBUTE,RESOURCE_NAME
ad_group_feed,RESOURCE,MESSAGE
ad_group_feed.ad_group,ATTRIBUTE,RESOURCE_NAME
ad_group_feed.feed,ATTRIBUTE,RESOURCE_NAME
ad_group_feed.matching_function.function_string,ATTRIBUTE,STRING
ad_group_feed.matching_function.left_operands,ATTRIBUTE,MESSAGE
ad_group_feed.matching_function.operator,ATTRIBUTE,ENUM
ad_group_feed.matching_function.right_operands,ATTRIBUTE,MESSAGE
ad_group_feed.placeholder_types,ATTRIBUTE,ENUM
ad_group_feed.resource_name,ATTRIBUTE,RESOURCE_NAME
ad_group_feed.status,ATTRIBUTE,ENUM
ad_group_label,RESOURCE,MESSAGE
ad_group_label.ad_group,ATTRIBUTE,RESOURCE_NAME
ad_group_label.label,ATTRIBUTE,RESOURCE_NAME
ad_group_label.resource_name,ATTRIBUTE,RESOURCE_NAME
ad_group_simulation,RESOURCE,MESSAGE
ad_group_simulation.ad_group_id,ATTRIBUTE,INT64
ad_group_simulation.cpc_bid_point_list.points,ATTRIBUTE,MESSAGE
ad_group_simulation.cpv_bid_point_list.points,ATTRIBUTE,MESSAGE
ad_group_simulation.end_date,ATTRIBUTE,DATE
ad_group_simulation.modification_method,ATTRIBUTE,ENUM
ad_group_simulation.resource_name,ATTRIBUTE,RESOURCE_NAME
ad_group_simulation.start_date,ATTRIBUTE,DATE
ad_group_simulation.target_cpa_point_list.points,ATTRIBUTE,MESSAGE
ad_group_simulation.target_roas_point_list.points,ATTRIBUTE,MESSAGE
ad_group_simulation.type,ATTRIBUTE,ENUM
ad_parameter,RESOURCE,MESSAGE
ad_parameter.ad_group_criterion,ATTRIBUTE,RESOURCE_NAME
ad_parameter.insertion_text,ATTRIBUTE,STRING
ad_parameter.parameter_index,ATTRIBUTE,INT64
ad_parameter.resource_name,ATTRIBUTE,RESOURCE_NAME
ad_schedule_view,RESOURCE,MESSAGE
ad_schedule_view.resource_name,ATTRIBUTE,RESOURCE_NAME
age_range_view,RESOURCE,MESSAGE
age_range_view.resource_name,ATTRIBUTE,RESOURCE_NAME
asset,RESOURCE,MESSAGE
asset.book_on_google_asset,ATTRIBUTE,MESSAGE
asset.callout_asset.ad_schedule_targets,ATTRIBUTE,MESSAGE
asset.callout_asset.callout_text,ATTRIBUTE,STRING
asset.callout_asset.end_date,ATTRIBUTE,DATE
asset.callout_asset.start_date,ATTRIBUTE,DATE
asset.final_mobile_urls,ATTRIBUTE,STRING
asset.final_url_suffix,ATTRIBUTE,STRING
asset.final_urls,ATTRIBUTE,STRING
asset.id,ATTRIBUTE,INT64
asset.image_asset.file_size,ATTRIBUTE,INT64
asset.image_asset.full_size.height_pixels,ATTRIBUTE,INT64
asset.image_asset.full_size.url,ATTRIBUTE,STRING
asset.image_asset.full_size.width_pixels,ATTRIBUTE,INT64
asset.image_asset.mime_type,ATTRIBUTE,ENUM
asset.lead_form_asset.background_image_asset,ATTRIBUTE,RESOURCE_NAME
asset.lead_form_asset.business_name,ATTRIBUTE,STRING
asset.lead_form_asset.call_to_action_description,ATTRIBUTE,STRING
asset.lead_form_asset.call_to_action_type,ATTRIBUTE,ENUM
asset.lead_form_asset.custom_disclosure,ATTRIBUTE,STRING
asset.lead_form_asset.delivery_methods,ATTRIBUTE,MESSAGE
asset.lead_form_asset.description,ATTRIBUTE,STRING
asset.lead_form_asset.desired_intent,ATTRIBUTE,ENUM
asset.lead_form_asset.fields,ATTRIBUTE,MESSAGE
asset.lead_form_asset.headline,ATTRIBUTE,STRING
asset.lead_form_asset.post_submit_call_to_action_type,ATTRIBUTE,ENUM
asset.lead_form_asset.post_submit_description,ATTRIBUTE,STRING
asset.lead_form_asset.post_submit_headline,ATTRIBUTE,STRING
asset.lead_form_asset.privacy_policy_url,ATTRIBUTE,STRING
asset.name,ATTRIBUTE,STRING
asset.policy_summary.approval_status,ATTRIBUTE,ENUM
asset.policy_summary.policy_topic_entries,ATTRIBUTE,MESSAGE
asset.policy_summary.review_status,ATTRIBUTE,ENUM
asset.promotion_asset.ad_schedule_targets,ATTRIBUTE,MESSAGE
asset.promotion_asset.discount_modifier,ATTRIBUTE,ENUM
asset.promotion_asset.end_date,ATTRIBUTE,DATE
asset.promotion_asset.language_code,ATTRIBUTE,STRING
asset.promotion_asset.money_amount_off.amount_micros,ATTRIBUTE,INT64
asset.promotion_asset.money_amount_off.currency_code,ATTRIBUTE,STRING
asset.promotion_asset.occasion,ATTRIBUTE,ENUM
asset.promotion_asset.orders_over_amount.amount_micros,ATTRIBUTE,INT64
asset.promotion_asset.orders_over_amount.currency_code,ATTRIBUTE,STRING
asset.promotion_asset.percent_off,ATTRIBUTE,INT64
asset.promotion_asset.promotion_code,ATTRIBUTE,STRING
asset.promotion_asset.promotion_target,ATTRIBUTE,STRING
asset.promotion_asset.redemption_end_date,ATTRIBUTE,DATE
asset.promotion_asset.redemption_start_date,ATTRIBUTE,DATE
asset.promotion_asset.start_date,ATTRIBUTE,DATE
asset.resource_name,ATTRIBUTE,RESOURCE_NAME
asset.sitelink_asset.ad_schedule_targets,ATTRIBUTE,MESSAGE
asset.sitelink_asset.description1,ATTRIBUTE,STRING
asset.sitelink_asset.description2,ATTRIBUTE,STRING
asset.sitelink_asset.end_date,ATTRIBUTE,DATE
asset.sitelink_asset.link_text,ATTRIBUTE,STRING
asset.sitelink_asset.start_date,ATTRIBUTE,DATE
asset.structured_snippet_asset.header,ATTRIBUTE,STRING
asset.structured_snippet_asset.values,ATTRIBUTE,STRING
asset.text_asset.text,ATTRIBUTE,STRING
asset.tracking_url_template,ATTRIBUTE,STRING
asset.type,ATTRIBUTE,ENUM
asset.url_custom_parameters,ATTRIBUTE,MESSAGE
asset.youtube_video_asset.youtube_video_id,ATTRIBUTE,STRING
asset.youtube_video_asset.youtube_video_title,ATTRIBUTE,STRING
asset_field_type_view,RESOURCE,MESSAGE
asset_field_type_view.field_type,ATTRIBUTE,ENUM
asset_field_type_view.resource_name,ATTRIBUTE,RESOURCE_NAME
batch_job,RESOURCE,MESSAGE
batch_job.id,ATTRIBUTE,INT64
batch_job.long_running_operation,ATTRIBUTE,STRING
batch_job.metadata.completion_date_time,ATTRIBUTE,DATE
batch_job.metadata.creation_date_time,ATTRIBUTE,DATE
batch_job.metadata.estimated_completion_ratio,ATTRIBUTE,DOUBLE
batch_job.metadata.executed_operation_count,ATTRIBUTE,INT64
batch_job.metadata.operation_count,ATTRIBUTE,INT64
batch_job.metadata.start_date_time,ATTRIBUTE,DATE
batch_job.next_add_sequence_token,ATTRIBUTE,STRING
batch_job.resource_name,ATTRIBUTE,RESOURCE_NAME
batch_job.status,ATTRIBUTE,ENUM
bidding_data_exclusion,RESOURCE,MESSAGE
bidding_data_exclusion.advertising_channel_types,ATTRIBUTE,ENUM
bidding_data_exclusion.campaigns,ATTRIBUTE,RESOURCE_NAME
bidding_data_exclusion.data_exclusion_id,ATTRIBUTE,INT64
bidding_data_exclusion.description,ATTRIBUTE,STRING
bidding_data_exclusion.devices,ATTRIBUTE,ENUM
bidding_data_exclusion.end_date_time,ATTRIBUTE,STRING
bidding_data_exclusion.name,ATTRIBUTE,STRING
bidding_data_exclusion.resource_name,ATTRIBUTE,RESOURCE_NAME
bidding_data_exclusion.scope,ATTRIBUTE,ENUM
bidding_data_exclusion.start_date_time,ATTRIBUTE,STRING
bidding_data_exclusion.status,ATTRIBUTE,ENUM
bidding_seasonality_adjustment,RESOURCE,MESSAGE
bidding_seasonality_adjustment.advertising_channel_types,ATTRIBUTE,ENUM
bidding_seasonality_adjustment.campaigns,ATTRIBUTE,RESOURCE_NAME
bidding_seasonality_adjustment.conversion_rate_modifier,ATTRIBUTE,DOUBLE
bidding_seasonality_adjustment.description,ATTRIBUTE,STRING
bidding_seasonality_adjustment.devices,ATTRIBUTE,ENUM
bidding_seasonality_adjustment.end_date_time,ATTRIBUTE,STRING
bidding_seasonality_adjustment.name,ATTRIBUTE,STRING
bidding_seasonality_adjustment.resource_name,ATTRIBUTE,RESOURCE_NAME
bidding_seasonality_adjustment.scope,ATTRIBUTE,ENUM
bidding_seasonality_adjustment.seasonality_adjustment_id,ATTRIBUTE,INT64
bidding_seasonality_adjustment.start_date_time,ATTRIBUTE,STRING
bidding_seasonality_adjustment.status,ATTRIBUTE,ENUM
bidding_strategy,RESOURCE,MESSAGE
bidding_strategy.campaign_count,ATTRIBUTE,INT64
bidding_strategy.currency_code,ATTRIBUTE,STRING
bidding_strategy.effective_currency_code,ATTRIBUTE,STRING
bidding_strategy.enhanced_cpc,ATTRIBUTE,MESSAGE
bidding_strategy.id,ATTRIBUTE,INT64
bidding_strategy.maximize_conversion_value.target_roas,ATTRIBUTE,DOUBLE
bidding_strategy.maximize_conversions.target_cpa,ATTRIBUTE,INT64
bidding_strategy.name,ATTRIBUTE,STRING
bidding_strategy.non_removed_campaign_count,ATTRIBUTE,INT64
bidding_strategy.resource_name,ATTRIBUTE,RESOURCE_NAME
bidding_strategy.status,ATTRIBUTE,ENUM
bidding_strategy.target_cpa.cpc_bid_ceiling_micros,ATTRIBUTE,INT64
bidding_strategy.target_cpa.cpc_bid_floor_micros,ATTRIBUTE,INT64
bidding_strategy.target_cpa.target_cpa_micros,ATTRIBUTE,INT64
bidding_strategy.target_impression_share.cpc_bid_ceiling_micros,ATTRIBUTE,INT64
bidding_strategy.target_impression_share.location,ATTRIBUTE,ENUM
bidding_strategy.target_impression_share.location_fraction_micros,ATTRIBUTE,INT64
bidding_strategy.target_roas.cpc_bid_ceiling_micros,ATTRIBUTE,INT64
bidding_strategy.target_roas.cpc_bid_floor_micros,ATTRIBUTE,INT64
bidding_strategy.target_roas.target_roas,ATTRIBUTE,DOUBLE
bidding_strategy.target_spend.cpc_bid_ceiling_micros,ATTRIBUTE,INT64
bidding_strategy.target_spend.target_spend_micros,ATTRIBUTE,INT64
bidding_strategy.type,ATTRIBUTE,ENUM
bidding_strategy_simulation,RESOURCE,MESSAGE
bidding_strategy_simulation.bidding_strategy_id,ATTRIBUTE,INT64
bidding_strategy_simulation.end_date,ATTRIBUTE,DATE
bidding_strategy_simulation.modification_method,ATTRIBUTE,ENUM
bidding_strategy_simulation.resource_name,ATTRIBUTE,RESOURCE_NAME
bidding_strategy_simulation.start_date,ATTRIBUTE,DATE
bidding_strategy_simulation.target_cpa_point_list.points,ATTRIBUTE,MESSAGE
bidding_strategy_simulation.target_roas_point_list.points,ATTRIBUTE,MESSAGE
bidding_strategy_simulation.type,ATTRIBUTE,ENUM
billing_setup,RESOURCE,MESSAGE
billing_setup.end_date_time,ATTRIBUTE,DATE
billing_setup.end_time_type,ATTRIBUTE,ENUM
billing_setup.id,ATTRIBUTE,INT64
billing_setup.payments_account,ATTRIBUTE,RESOURCE_NAME
billing_setup.payments_account_info.payments_account_id,ATTRIBUTE,STRING
billing_setup.payments_account_info.payments_account_name,ATTRIBUTE,STRING
billing_setup.payments_account_info.payments_profile_id,ATTRIBUTE,STRING
billing_setup.payments_account_info.payments_profile_name,ATTRIBUTE,STRING
billing_setup.payments_account_info.secondary_payments_profile_id,ATTRIBUTE,STRING
billing_setup.resource_name,ATTRIBUTE,RESOURCE_NAME
billing_setup.start_date_time,ATTRIBUTE,DATE
billing_setup.status,ATTRIBUTE,ENUM
call_view,RESOURCE,MESSAGE
call_view.call_duration_seconds,ATTRIBUTE,INT64
call_view.call_status,ATTRIBUTE,ENUM
call_view.call_tracking_display_location,ATTRIBUTE,ENUM
call_view.caller_area_code,ATTRIBUTE,STRING
call_view.caller_country_code,ATTRIBUTE,STRING
call_view.end_call_date_time,ATTRIBUTE,DATE
call_view.resource_name,ATTRIBUTE,RESOURCE_NAME
call_view.start_call_date_time,ATTRIBUTE,DATE
call_view.type,ATTRIBUTE,ENUM
campaign,RESOURCE,MESSAGE
campaign.accessible_bidding_strategy,ATTRIBUTE,RESOURCE_NAME
campaign.ad_serving_optimization_status,ATTRIBUTE,ENUM
campaign.advertising_channel_sub_type,ATTRIBUTE,ENUM
campaign.advertising_channel_type,ATTRIBUTE,ENUM
campaign.app_campaign_setting.app_id,ATTRIBUTE,STRING
campaign.app_campaign_setting.app_store,ATTRIBUTE,ENUM
campaign.app_campaign_setting.bidding_strategy_goal_type,ATTRIBUTE,ENUM
campaign.base_campaign,ATTRIBUTE,RESOURCE_NAME
campaign.bidding_strategy,ATTRIBUTE,RESOURCE_NAME
campaign.bidding_strategy_type,ATTRIBUTE,ENUM
campaign.campaign_budget,ATTRIBUTE,RESOURCE_NAME
campaign.commission.commission_rate_micros,ATTRIBUTE,INT64
campaign.dynamic_search_ads_setting.domain_name,ATTRIBUTE,STRING
campaign.dynamic_search_ads_setting.feeds,ATTRIBUTE,RESOURCE_NAME
campaign.dynamic_search_ads_setting.language_code,ATTRIBUTE,STRING
campaign.dynamic_search_ads_setting.use_supplied_urls_only,ATTRIBUTE,BOOLEAN
campaign.end_date,ATTRIBUTE,DATE
campaign.excluded_parent_asset_field_types,ATTRIBUTE,ENUM
campaign.experiment_type,ATTRIBUTE,ENUM
campaign.final_url_suffix,ATTRIBUTE,STRING
campaign.frequency_caps,ATTRIBUTE,MESSAGE
campaign.geo_target_type_setting.negative_geo_target_type,ATTRIBUTE,ENUM
campaign.geo_target_type_setting.positive_geo_target_type,ATTRIBUTE,ENUM
campaign.hotel_setting.hotel_center_id,ATTRIBUTE,INT64
campaign.id,ATTRIBUTE,INT64
campaign.labels,ATTRIBUTE,RESOURCE_NAME
campaign.local_campaign_setting.location_source_type,ATTRIBUTE,ENUM
campaign.manual_cpc.enhanced_cpc_enabled,ATTRIBUTE,BOOLEAN
campaign.manual_cpm,ATTRIBUTE,MESSAGE
campaign.manual_cpv,ATTRIBUTE,MESSAGE
campaign.maximize_conversion_value.target_roas,ATTRIBUTE,DOUBLE
campaign.maximize_conversions.target_cpa,ATTRIBUTE,INT64
campaign.name,ATTRIBUTE,STRING
campaign.network_settings.target_content_network,ATTRIBUTE,BOOLEAN
campaign.network_settings.target_google_search,ATTRIBUTE,BOOLEAN
campaign.network_settings.target_partner_search_network,ATTRIBUTE,BOOLEAN
campaign.network_settings.target_search_network,ATTRIBUTE,BOOLEAN
campaign.optimization_goal_setting.optimization_goal_types,ATTRIBUTE,ENUM
campaign.optimization_score,ATTRIBUTE,DOUBLE
campaign.payment_mode,ATTRIBUTE,ENUM
campaign.percent_cpc.cpc_bid_ceiling_micros,ATTRIBUTE,INT64
campaign.percent_cpc.enhanced_cpc_enabled,ATTRIBUTE,BOOLEAN
campaign.real_time_bidding_setting.opt_in,ATTRIBUTE,BOOLEAN
campaign.resource_name,ATTRIBUTE,RESOURCE_NAME
campaign.selective_optimization.conversion_actions,ATTRIBUTE,RESOURCE_NAME
campaign.serving_status,ATTRIBUTE,ENUM
campaign.shopping_setting.campaign_priority,ATTRIBUTE,INT32
campaign.shopping_setting.enable_local,ATTRIBUTE,BOOLEAN
campaign.shopping_setting.merchant_id,ATTRIBUTE,INT64
campaign.shopping_setting.sales_country,ATTRIBUTE,STRING
campaign.start_date,ATTRIBUTE,DATE
campaign.status,ATTRIBUTE,ENUM
campaign.target_cpa.cpc_bid_ceiling_micros,ATTRIBUTE,INT64
campaign.target_cpa.cpc_bid_floor_micros,ATTRIBUTE,INT64
campaign.target_cpa.target_cpa_micros,ATTRIBUTE,INT64
campaign.target_cpm,ATTRIBUTE,MESSAGE
campaign.target_impression_share.cpc_bid_ceiling_micros,ATTRIBUTE,INT64
campaign.target_impression_share.location,ATTRIBUTE,ENUM
campaign.target_impression_share.location_fraction_micros,ATTRIBUTE,INT64
campaign.target_roas.cpc_bid_ceiling_micros,ATTRIBUTE,INT64
campaign.target_roas.cpc_bid_floor_micros,ATTRIBUTE,INT64
campaign.target_roas.target_roas,ATTRIBUTE,DOUBLE
campaign.target_spend.cpc_bid_ceiling_micros,ATTRIBUTE,INT64
campaign.target_spend.target_spend_micros,ATTRIBUTE,INT64
campaign.targeting_setting.target_restrictions,ATTRIBUTE,MESSAGE
campaign.tracking_setting.tracking_url,ATTRIBUTE,STRING
campaign.tracking_url_template,ATTRIBUTE,STRING
campaign.url_custom_parameters,ATTRIBUTE,MESSAGE
campaign.vanity_pharma.vanity_pharma_display_url_mode,ATTRIBUTE,ENUM
campaign.vanity_pharma.vanity_pharma_text,ATTRIBUTE,ENUM
campaign.video_brand_safety_suitability,ATTRIBUTE,ENUM
campaign_asset,RESOURCE,MESSAGE
campaign_asset.asset,ATTRIBUTE,RESOURCE_NAME
campaign_asset.campaign,ATTRIBUTE,RESOURCE_NAME
campaign_asset.field_type,ATTRIBUTE,ENUM
campaign_asset.resource_name,ATTRIBUTE,RESOURCE_NAME
campaign_asset.status,ATTRIBUTE,ENUM
campaign_audience_view,RESOURCE,MESSAGE
campaign_audience_view.resource_name,ATTRIBUTE,RESOURCE_NAME
campaign_bid_modifier,RESOURCE,MESSAGE
campaign_bid_modifier.bid_modifier,ATTRIBUTE,DOUBLE
campaign_bid_modifier.campaign,ATTRIBUTE,RESOURCE_NAME
campaign_bid_modifier.criterion_id,ATTRIBUTE,INT64
campaign_bid_modifier.interaction_type.type,ATTRIBUTE,ENUM
campaign_bid_modifier.resource_name,ATTRIBUTE,RESOURCE_NAME
campaign_budget,RESOURCE,MESSAGE
campaign_budget.amount_micros,ATTRIBUTE,INT64
campaign_budget.delivery_method,ATTRIBUTE,ENUM
campaign_budget.explicitly_shared,ATTRIBUTE,BOOLEAN
campaign_budget.has_recommended_budget,ATTRIBUTE,BOOLEAN
campaign_budget.id,ATTRIBUTE,INT64
campaign_budget.name,ATTRIBUTE,STRING
campaign_budget.period,ATTRIBUTE,ENUM
campaign_budget.recommended_budget_amount_micros,ATTRIBUTE,INT64
campaign_budget.recommended_budget_estimated_change_weekly_clicks,ATTRIBUTE,INT64
campaign_budget.recommended_budget_estimated_change_weekly_cost_micros,ATTRIBUTE,INT64
campaign_budget.recommended_budget_estimated_change_weekly_interactions,ATTRIBUTE,INT64
campaign_budget.recommended_budget_estimated_change_weekly_views,ATTRIBUTE,INT64
campaign_budget.reference_count,ATTRIBUTE,INT64
campaign_budget.resource_name,ATTRIBUTE,RESOURCE_NAME
campaign_budget.status,ATTRIBUTE,ENUM
campaign_budget.total_amount_micros,ATTRIBUTE,INT64
campaign_budget.type,ATTRIBUTE,ENUM
campaign_criterion,RESOURCE,MESSAGE
campaign_criterion.ad_schedule.day_of_week,ATTRIBUTE,ENUM
campaign_criterion.ad_schedule.end_hour,ATTRIBUTE,INT32
campaign_criterion.ad_schedule.end_minute,ATTRIBUTE,ENUM
campaign_criterion.ad_schedule.start_hour,ATTRIBUTE,INT32
campaign_criterion.ad_schedule.start_minute,ATTRIBUTE,ENUM
campaign_criterion.age_range.type,ATTRIBUTE,ENUM
campaign_criterion.bid_modifier,ATTRIBUTE,FLOAT
campaign_criterion.campaign,ATTRIBUTE,RESOURCE_NAME
campaign_criterion.carrier.carrier_constant,ATTRIBUTE,RESOURCE_NAME
campaign_criterion.combined_audience.combined_audience,ATTRIBUTE,RESOURCE_NAME
campaign_criterion.content_label.type,ATTRIBUTE,ENUM
campaign_criterion.criterion_id,ATTRIBUTE,INT64
campaign_criterion.custom_affinity.custom_affinity,ATTRIBUTE,RESOURCE_NAME
campaign_criterion.custom_audience.custom_audience,ATTRIBUTE,RESOURCE_NAME
campaign_criterion.device.type,ATTRIBUTE,ENUM
campaign_criterion.display_name,ATTRIBUTE,STRING
campaign_criterion.gender.type,ATTRIBUTE,ENUM
campaign_criterion.income_range.type,ATTRIBUTE,ENUM
campaign_criterion.ip_block.ip_address,ATTRIBUTE,STRING
campaign_criterion.keyword.match_type,ATTRIBUTE,ENUM
campaign_criterion.keyword.text,ATTRIBUTE,STRING
campaign_criterion.keyword_theme.free_form_keyword_theme,ATTRIBUTE,STRING
campaign_criterion.keyword_theme.keyword_theme_constant,ATTRIBUTE,RESOURCE_NAME
campaign_criterion.language.language_constant,ATTRIBUTE,RESOURCE_NAME
campaign_criterion.listing_scope.dimensions,ATTRIBUTE,MESSAGE
campaign_criterion.listing_scope.dimensions.hotel_city.city_criterion,ATTRIBUTE,RESOURCE_NAME
campaign_criterion.listing_scope.dimensions.hotel_country_region.country_region_criterion,ATTRIBUTE,RESOURCE_NAME
campaign_criterion.listing_scope.dimensions.hotel_state.state_criterion,ATTRIBUTE,RESOURCE_NAME
campaign_criterion.location.geo_target_constant,ATTRIBUTE,RESOURCE_NAME
campaign_criterion.location_group,ATTRIBUTE,MESSAGE
campaign_criterion.location_group.feed,ATTRIBUTE,RESOURCE_NAME
campaign_criterion.location_group.geo_target_constants,ATTRIBUTE,RESOURCE_NAME
campaign_criterion.mobile_app_category.mobile_app_category_constant,ATTRIBUTE,RESOURCE_NAME
campaign_criterion.mobile_application.app_id,ATTRIBUTE,STRING
campaign_criterion.mobile_application.name,ATTRIBUTE,STRING
campaign_criterion.mobile_device.mobile_device_constant,ATTRIBUTE,RESOURCE_NAME
campaign_criterion.negative,ATTRIBUTE,BOOLEAN
campaign_criterion.operating_system_version.operating_system_version_constant,ATTRIBUTE,RESOURCE_NAME
campaign_criterion.parental_status.type,ATTRIBUTE,ENUM
campaign_criterion.placement.url,ATTRIBUTE,STRING
campaign_criterion.proximity.address.city_name,ATTRIBUTE,STRING
campaign_criterion.proximity.address.country_code,ATTRIBUTE,STRING
campaign_criterion.proximity.address.postal_code,ATTRIBUTE,STRING
campaign_criterion.proximity.address.province_code,ATTRIBUTE,STRING
campaign_criterion.proximity.address.province_name,ATTRIBUTE,STRING
campaign_criterion.proximity.address.street_address,ATTRIBUTE,STRING
campaign_criterion.proximity.geo_point.latitude_in_micro_degrees,ATTRIBUTE,INT32
campaign_criterion.proximity.geo_point.longitude_in_micro_degrees,ATTRIBUTE,INT32
campaign_criterion.proximity.radius,ATTRIBUTE,DOUBLE
campaign_criterion.proximity.radius_units,ATTRIBUTE,ENUM
campaign_criterion.resource_name,ATTRIBUTE,RESOURCE_NAME
campaign_criterion.status,ATTRIBUTE,ENUM
campaign_criterion.topic.path,ATTRIBUTE,STRING
campaign_criterion.topic.topic_constant,ATTRIBUTE,RESOURCE_NAME
campaign_criterion.type,ATTRIBUTE,ENUM
campaign_criterion.user_interest.user_interest_category,ATTRIBUTE,RESOURCE_NAME
campaign_criterion.user_list.user_list,ATTRIBUTE,RESOURCE_NAME
campaign_criterion.webpage.conditions,ATTRIBUTE,MESSAGE
campaign_criterion.webpage.coverage_percentage,ATTRIBUTE,DOUBLE
campaign_criterion.webpage.criterion_name,ATTRIBUTE,STRING
campaign_criterion.webpage.sample.sample_urls,ATTRIBUTE,STRING
campaign_criterion.youtube_channel.channel_id,ATTRIBUTE,STRING
campaign_criterion.youtube_video.video_id,ATTRIBUTE,STRING
campaign_criterion_simulation,RESOURCE,MESSAGE
campaign_criterion_simulation.bid_modifier_point_list.points,ATTRIBUTE,MESSAGE
campaign_criterion_simulation.campaign_id,ATTRIBUTE,INT64
campaign_criterion_simulation.criterion_id,ATTRIBUTE,INT64
campaign_criterion_simulation.end_date,ATTRIBUTE,DATE
campaign_criterion_simulation.modification_method,ATTRIBUTE,ENUM
campaign_criterion_simulation.resource_name,ATTRIBUTE,RESOURCE_NAME
campaign_criterion_simulation.start_date,ATTRIBUTE,DATE
campaign_criterion_simulation.type,ATTRIBUTE,ENUM
campaign_draft,RESOURCE,MESSAGE
campaign_draft.base_campaign,ATTRIBUTE,RESOURCE_NAME
campaign_draft.draft_campaign,ATTRIBUTE,RESOURCE_NAME
campaign_draft.draft_id,ATTRIBUTE,INT64
campaign_draft.has_experiment_running,ATTRIBUTE,BOOLEAN
campaign_draft.long_running_operation,ATTRIBUTE,STRING
campaign_draft.name,ATTRIBUTE,STRING
campaign_draft.resource_name,ATTRIBUTE,RESOURCE_NAME
campaign_draft.status,ATTRIBUTE,ENUM
campaign_experiment,RESOURCE,MESSAGE
campaign_experiment.campaign_draft,ATTRIBUTE,RESOURCE_NAME
campaign_experiment.description,ATTRIBUTE,STRING
campaign_experiment.end_date,ATTRIBUTE,DATE
campaign_experiment.experiment_campaign,ATTRIBUTE,RESOURCE_NAME
campaign_experiment.id,ATTRIBUTE,INT64
campaign_experiment.long_running_operation,ATTRIBUTE,STRING
campaign_experiment.name,ATTRIBUTE,STRING
campaign_experiment.resource_name,ATTRIBUTE,RESOURCE_NAME
campaign_experiment.start_date,ATTRIBUTE,DATE
campaign_experiment.status,ATTRIBUTE,ENUM
campaign_experiment.traffic_split_percent,ATTRIBUTE,INT64
campaign_experiment.traffic_split_type,ATTRIBUTE,ENUM
campaign_extension_setting,RESOURCE,MESSAGE
campaign_extension_setting.campaign,ATTRIBUTE,RESOURCE_NAME
campaign_extension_setting.device,ATTRIBUTE,ENUM
campaign_extension_setting.extension_feed_items,ATTRIBUTE,RESOURCE_NAME
campaign_extension_setting.extension_type,ATTRIBUTE,ENUM
campaign_extension_setting.resource_name,ATTRIBUTE,RESOURCE_NAME
campaign_feed,RESOURCE,MESSAGE
campaign_feed.campaign,ATTRIBUTE,RESOURCE_NAME
campaign_feed.feed,ATTRIBUTE,RESOURCE_NAME
campaign_feed.matching_function.function_string,ATTRIBUTE,STRING
campaign_feed.matching_function.left_operands,ATTRIBUTE,MESSAGE
campaign_feed.matching_function.operator,ATTRIBUTE,ENUM
campaign_feed.matching_function.right_operands,ATTRIBUTE,MESSAGE
campaign_feed.placeholder_types,ATTRIBUTE,ENUM
campaign_feed.resource_name,ATTRIBUTE,RESOURCE_NAME
campaign_feed.status,ATTRIBUTE,ENUM
campaign_label,RESOURCE,MESSAGE
campaign_label.campaign,ATTRIBUTE,RESOURCE_NAME
campaign_label.label,ATTRIBUTE,RESOURCE_NAME
campaign_label.resource_name,ATTRIBUTE,RESOURCE_NAME
campaign_shared_set,RESOURCE,MESSAGE
campaign_shared_set.campaign,ATTRIBUTE,RESOURCE_NAME
campaign_shared_set.resource_name,ATTRIBUTE,RESOURCE_NAME
campaign_shared_set.shared_set,ATTRIBUTE,RESOURCE_NAME
campaign_shared_set.status,ATTRIBUTE,ENUM
campaign_simulation,RESOURCE,MESSAGE
campaign_simulation.budget_point_list.points,ATTRIBUTE,MESSAGE
campaign_simulation.campaign_id,ATTRIBUTE,INT64
campaign_simulation.cpc_bid_point_list.points,ATTRIBUTE,MESSAGE
campaign_simulation.end_date,ATTRIBUTE,DATE
campaign_simulation.modification_method,ATTRIBUTE,ENUM
campaign_simulation.resource_name,ATTRIBUTE,RESOURCE_NAME
campaign_simulation.start_date,ATTRIBUTE,DATE
campaign_simulation.target_cpa_point_list.points,ATTRIBUTE,MESSAGE
campaign_simulation.target_impression_share_point_list.points,ATTRIBUTE,MESSAGE
campaign_simulation.target_roas_point_list.points,ATTRIBUTE,MESSAGE
campaign_simulation.type,ATTRIBUTE,ENUM
carrier_constant,RESOURCE,MESSAGE
carrier_constant.country_code,ATTRIBUTE,STRING
carrier_constant.id,ATTRIBUTE,INT64
carrier_constant.name,ATTRIBUTE,STRING
carrier_constant.resource_name,ATTRIBUTE,RESOURCE_NAME
change_event,RESOURCE,MESSAGE
change_event.ad_group,ATTRIBUTE,RESOURCE_NAME
change_event.asset,ATTRIBUTE,RESOURCE_NAME
change_event.campaign,ATTRIBUTE,RESOURCE_NAME
change_event.change_date_time,ATTRIBUTE,DATE
change_event.change_resource_name,ATTRIBUTE,STRING
change_event.change_resource_type,ATTRIBUTE,ENUM
change_event.changed_fields,ATTRIBUTE,MESSAGE
change_event.client_type,ATTRIBUTE,ENUM
change_event.feed,ATTRIBUTE,RESOURCE_NAME
change_event.feed_item,ATTRIBUTE,RESOURCE_NAME
change_event.new_resource,ATTRIBUTE,MESSAGE
change_event.old_resource,ATTRIBUTE,MESSAGE
change_event.resource_change_operation,ATTRIBUTE,ENUM
change_event.resource_name,ATTRIBUTE,RESOURCE_NAME
change_event.user_email,ATTRIBUTE,STRING
change_status,RESOURCE,MESSAGE
change_status.ad_group,ATTRIBUTE,RESOURCE_NAME
change_status.ad_group_ad,ATTRIBUTE,RESOURCE_NAME
change_status.ad_group_asset,ATTRIBUTE,RESOURCE_NAME
change_status.ad_group_bid_modifier,ATTRIBUTE,RESOURCE_NAME
change_status.ad_group_criterion,ATTRIBUTE,RESOURCE_NAME
change_status.ad_group_feed,ATTRIBUTE,RESOURCE_NAME
change_status.asset,ATTRIBUTE,RESOURCE_NAME
change_status.campaign,ATTRIBUTE,RESOURCE_NAME
change_status.campaign_asset,ATTRIBUTE,RESOURCE_NAME
change_status.campaign_criterion,ATTRIBUTE,RESOURCE_NAME
change_status.campaign_feed,ATTRIBUTE,RESOURCE_NAME
change_status.campaign_shared_set,ATTRIBUTE,RESOURCE_NAME
change_status.customer_asset,ATTRIBUTE,RESOURCE_NAME
change_status.feed,ATTRIBUTE,RESOURCE_NAME
change_status.feed_item,ATTRIBUTE,RESOURCE_NAME
change_status.last_change_date_time,ATTRIBUTE,DATE
change_status.resource_name,ATTRIBUTE,RESOURCE_NAME
change_status.resource_status,ATTRIBUTE,ENUM
change_status.resource_type,ATTRIBUTE,ENUM
change_status.shared_set,ATTRIBUTE,RESOURCE_NAME
click_view,RESOURCE,MESSAGE
click_view.ad_group_ad,ATTRIBUTE,RESOURCE_NAME
click_view.area_of_interest.city,ATTRIBUTE,RESOURCE_NAME
click_view.area_of_interest.country,ATTRIBUTE,RESOURCE_NAME
click_view.area_of_interest.metro,ATTRIBUTE,RESOURCE_NAME
click_view.area_of_interest.most_specific,ATTRIBUTE,RESOURCE_NAME
click_view.area_of_interest.region,ATTRIBUTE,RESOURCE_NAME
click_view.campaign_location_target,ATTRIBUTE,RESOURCE_NAME
click_view.gclid,ATTRIBUTE,STRING
click_view.keyword,ATTRIBUTE,RESOURCE_NAME
click_view.keyword_info.match_type,ATTRIBUTE,ENUM
click_view.keyword_info.text,ATTRIBUTE,STRING
click_view.location_of_presence.city,ATTRIBUTE,RESOURCE_NAME
click_view.location_of_presence.country,ATTRIBUTE,RESOURCE_NAME
click_view.location_of_presence.metro,ATTRIBUTE,RESOURCE_NAME
click_view.location_of_presence.most_specific,ATTRIBUTE,RESOURCE_NAME
click_view.location_of_presence.region,ATTRIBUTE,RESOURCE_NAME
click_view.page_number,ATTRIBUTE,INT64
click_view.resource_name,ATTRIBUTE,RESOURCE_NAME
click_view.user_list,ATTRIBUTE,RESOURCE_NAME
combined_audience,RESOURCE,MESSAGE
combined_audience.description,ATTRIBUTE,STRING
combined_audience.id,ATTRIBUTE,INT64
combined_audience.name,ATTRIBUTE,STRING
combined_audience.resource_name,ATTRIBUTE,RESOURCE_NAME
combined_audience.status,ATTRIBUTE,ENUM
conversion_action,RESOURCE,MESSAGE
conversion_action.app_id,ATTRIBUTE,STRING
conversion_action.attribution_model_settings.attribution_model,ATTRIBUTE,ENUM
conversion_action.attribution_model_settings.data_driven_model_status,ATTRIBUTE,ENUM
conversion_action.category,ATTRIBUTE,ENUM
conversion_action.click_through_lookback_window_days,ATTRIBUTE,INT64
conversion_action.counting_type,ATTRIBUTE,ENUM
conversion_action.firebase_settings.event_name,ATTRIBUTE,STRING
conversion_action.firebase_settings.project_id,ATTRIBUTE,STRING
conversion_action.id,ATTRIBUTE,INT64
conversion_action.include_in_conversions_metric,ATTRIBUTE,BOOLEAN
conversion_action.mobile_app_vendor,ATTRIBUTE,ENUM
conversion_action.name,ATTRIBUTE,STRING
conversion_action.owner_customer,ATTRIBUTE,RESOURCE_NAME
conversion_action.phone_call_duration_seconds,ATTRIBUTE,INT64
conversion_action.resource_name,ATTRIBUTE,RESOURCE_NAME
conversion_action.status,ATTRIBUTE,ENUM
conversion_action.tag_snippets,ATTRIBUTE,MESSAGE
conversion_action.third_party_app_analytics_settings.event_name,ATTRIBUTE,STRING
conversion_action.third_party_app_analytics_settings.provider_name,ATTRIBUTE,STRING
conversion_action.type,ATTRIBUTE,ENUM
conversion_action.value_settings.always_use_default_value,ATTRIBUTE,BOOLEAN
conversion_action.value_settings.default_currency_code,ATTRIBUTE,STRING
conversion_action.value_settings.default_value,ATTRIBUTE,DOUBLE
conversion_action.view_through_lookback_window_days,ATTRIBUTE,INT64
conversion_custom_variable,RESOURCE,MESSAGE
conversion_custom_variable.id,ATTRIBUTE,INT64
conversion_custom_variable.name,ATTRIBUTE,STRING
conversion_custom_variable.owner_customer,ATTRIBUTE,RESOURCE_NAME
conversion_custom_variable.resource_name,ATTRIBUTE,RESOURCE_NAME
conversion_custom_variable.status,ATTRIBUTE,ENUM
conversion_custom_variable.tag,ATTRIBUTE,STRING
conversion_value_rule,RESOURCE,MESSAGE
conversion_value_rule.action.operation,ATTRIBUTE,ENUM
conversion_value_rule.action.value,ATTRIBUTE,DOUBLE
conversion_value_rule.audience_condition.user_interests,ATTRIBUTE,RESOURCE_NAME
conversion_value_rule.audience_condition.user_lists,ATTRIBUTE,RESOURCE_NAME
conversion_value_rule.device_condition.device_types,ATTRIBUTE,ENUM
conversion_value_rule.geo_location_condition.excluded_geo_match_type,ATTRIBUTE,ENUM
conversion_value_rule.geo_location_condition.excluded_geo_target_constants,ATTRIBUTE,RESOURCE_NAME
conversion_value_rule.geo_location_condition.geo_match_type,ATTRIBUTE,ENUM
conversion_value_rule.geo_location_condition.geo_target_constants,ATTRIBUTE,RESOURCE_NAME
conversion_value_rule.id,ATTRIBUTE,INT64
conversion_value_rule.owner_customer,ATTRIBUTE,RESOURCE_NAME
conversion_value_rule.resource_name,ATTRIBUTE,RESOURCE_NAME
conversion_value_rule.status,ATTRIBUTE,ENUM
conversion_value_rule_set,RESOURCE,MESSAGE
conversion_value_rule_set.attachment_type,ATTRIBUTE,ENUM
conversion_value_rule_set.campaign,ATTRIBUTE,RESOURCE_NAME
conversion_value_rule_set.conversion_value_rules,ATTRIBUTE,RESOURCE_NAME
conversion_value_rule_set.dimensions,ATTRIBUTE,ENUM
conversion_value_rule_set.id,ATTRIBUTE,INT64
conversion_value_rule_set.owner_customer,ATTRIBUTE,RESOURCE_NAME
conversion_value_rule_set.resource_name,ATTRIBUTE,RESOURCE_NAME
conversion_value_rule_set.status,ATTRIBUTE,ENUM
currency_constant,RESOURCE,MESSAGE
currency_constant.billable_unit_micros,ATTRIBUTE,INT64
currency_constant.code,ATTRIBUTE,STRING
currency_constant.name,ATTRIBUTE,STRING
currency_constant.resource_name,ATTRIBUTE,RESOURCE_NAME
currency_constant.symbol,ATTRIBUTE,STRING
custom_audience,RESOURCE,MESSAGE
custom_audience.description,ATTRIBUTE,STRING
custom_audience.id,ATTRIBUTE,INT64
custom_audience.members,ATTRIBUTE,MESSAGE
custom_audience.name,ATTRIBUTE,STRING
custom_audience.resource_name,ATTRIBUTE,RESOURCE_NAME
custom_audience.status,ATTRIBUTE,ENUM
custom_audience.type,ATTRIBUTE,ENUM
custom_interest,RESOURCE,MESSAGE
custom_interest.description,ATTRIBUTE,STRING
custom_interest.id,ATTRIBUTE,INT64
custom_interest.members,ATTRIBUTE,MESSAGE
custom_interest.name,ATTRIBUTE,STRING
custom_interest.resource_name,ATTRIBUTE,RESOURCE_NAME
custom_interest.status,ATTRIBUTE,ENUM
custom_interest.type,ATTRIBUTE,ENUM
customer,RESOURCE,MESSAGE
customer.auto_tagging_enabled,ATTRIBUTE,BOOLEAN
customer.call_reporting_setting.call_conversion_action,ATTRIBUTE,RESOURCE_NAME
customer.call_reporting_setting.call_conversion_reporting_enabled,ATTRIBUTE,BOOLEAN
customer.call_reporting_setting.call_reporting_enabled,ATTRIBUTE,BOOLEAN
customer.conversion_tracking_setting.conversion_tracking_id,ATTRIBUTE,INT64
customer.conversion_tracking_setting.cross_account_conversion_tracking_id,ATTRIBUTE,INT64
customer.currency_code,ATTRIBUTE,STRING
customer.descriptive_name,ATTRIBUTE,STRING
customer.final_url_suffix,ATTRIBUTE,STRING
customer.has_partners_badge,ATTRIBUTE,BOOLEAN
customer.id,ATTRIBUTE,INT64
customer.manager,ATTRIBUTE,BOOLEAN
customer.optimization_score,ATTRIBUTE,DOUBLE
customer.optimization_score_weight,ATTRIBUTE,DOUBLE
customer.pay_per_conversion_eligibility_failure_reasons,ATTRIBUTE,ENUM
customer.remarketing_setting.google_global_site_tag,ATTRIBUTE,STRING
customer.resource_name,ATTRIBUTE,RESOURCE_NAME
customer.test_account,ATTRIBUTE,BOOLEAN
customer.time_zone,ATTRIBUTE,STRING
customer.tracking_url_template,ATTRIBUTE,STRING
customer_asset,RESOURCE,MESSAGE
customer_asset.asset,ATTRIBUTE,RESOURCE_NAME
customer_asset.field_type,ATTRIBUTE,ENUM
customer_asset.resource_name,ATTRIBUTE,RESOURCE_NAME
customer_asset.status,ATTRIBUTE,ENUM
customer_client,RESOURCE,MESSAGE
customer_client.applied_labels,ATTRIBUTE,RESOURCE_NAME
customer_client.client_customer,ATTRIBUTE,RESOURCE_NAME
customer_client.currency_code,ATTRIBUTE,STRING
customer_client.descriptive_name,ATTRIBUTE,STRING
customer_client.hidden,ATTRIBUTE,BOOLEAN
customer_client.id,ATTRIBUTE,INT64
customer_client.level,ATTRIBUTE,INT64
customer_client.manager,ATTRIBUTE,BOOLEAN
customer_client.resource_name,ATTRIBUTE,RESOURCE_NAME
customer_client.test_account,ATTRIBUTE,BOOLEAN
customer_client.time_zone,ATTRIBUTE,STRING
customer_client_link,RESOURCE,MESSAGE
customer_client_link.client_customer,ATTRIBUTE,RESOURCE_NAME
customer_client_link.hidden,ATTRIBUTE,BOOLEAN
customer_client_link.manager_link_id,ATTRIBUTE,INT64
customer_client_link.resource_name,ATTRIBUTE,RESOURCE_NAME
customer_client_link.status,ATTRIBUTE,ENUM
customer_extension_setting,RESOURCE,MESSAGE
customer_extension_setting.device,ATTRIBUTE,ENUM
customer_extension_setting.extension_feed_items,ATTRIBUTE,RESOURCE_NAME
customer_extension_setting.extension_type,ATTRIBUTE,ENUM
customer_extension_setting.resource_name,ATTRIBUTE,RESOURCE_NAME
customer_feed,RESOURCE,MESSAGE
customer_feed.feed,ATTRIBUTE,RESOURCE_NAME
customer_feed.matching_function.function_string,ATTRIBUTE,STRING
customer_feed.matching_function.left_operands,ATTRIBUTE,MESSAGE
customer_feed.matching_function.operator,ATTRIBUTE,ENUM
customer_feed.matching_function.right_operands,ATTRIBUTE,MESSAGE
customer_feed.placeholder_types,ATTRIBUTE,ENUM
customer_feed.resource_name,ATTRIBUTE,RESOURCE_NAME
customer_feed.status,ATTRIBUTE,ENUM
customer_label,RESOURCE,MESSAGE
customer_label.customer,ATTRIBUTE,RESOURCE_NAME
customer_label.label,ATTRIBUTE,RESOURCE_NAME
customer_label.resource_name,ATTRIBUTE,RESOURCE_NAME
customer_manager_link,RESOURCE,MESSAGE
customer_manager_link.manager_customer,ATTRIBUTE,RESOURCE_NAME
customer_manager_link.manager_link_id,ATTRIBUTE,INT64
customer_manager_link.resource_name,ATTRIBUTE,RESOURCE_NAME
customer_manager_link.status,ATTRIBUTE,ENUM
customer_negative_criterion,RESOURCE,MESSAGE
customer_negative_criterion.content_label.type,ATTRIBUTE,ENUM
customer_negative_criterion.id,ATTRIBUTE,INT64
customer_negative_criterion.mobile_app_category.mobile_app_category_constant,ATTRIBUTE,RESOURCE_NAME
customer_negative_criterion.mobile_application.app_id,ATTRIBUTE,STRING
customer_negative_criterion.mobile_application.name,ATTRIBUTE,STRING
customer_negative_criterion.placement.url,ATTRIBUTE,STRING
customer_negative_criterion.resource_name,ATTRIBUTE,RESOURCE_NAME
customer_negative_criterion.type,ATTRIBUTE,ENUM
customer_negative_criterion.youtube_channel.channel_id,ATTRIBUTE,STRING
customer_negative_criterion.youtube_video.video_id,ATTRIBUTE,STRING
customer_user_access,RESOURCE,MESSAGE
customer_user_access.access_creation_date_time,ATTRIBUTE,DATE
customer_user_access.access_role,ATTRIBUTE,ENUM
customer_user_access.email_address,ATTRIBUTE,STRING
customer_user_access.inviter_user_email_address,ATTRIBUTE,STRING
customer_user_access.resource_name,ATTRIBUTE,RESOURCE_NAME
customer_user_access.user_id,ATTRIBUTE,INT64
customer_user_access_invitation,RESOURCE,MESSAGE
customer_user_access_invitation.access_role,ATTRIBUTE,ENUM
customer_user_access_invitation.creation_date_time,ATTRIBUTE,DATE
customer_user_access_invitation.email_address,ATTRIBUTE,STRING
customer_user_access_invitation.invitation_id,ATTRIBUTE,INT64
customer_user_access_invitation.invitation_status,ATTRIBUTE,ENUM
customer_user_access_invitation.resource_name,ATTRIBUTE,RESOURCE_NAME
detail_placement_view,RESOURCE,MESSAGE
detail_placement_view.display_name,ATTRIBUTE,STRING
detail_placement_view.group_placement_target_url,ATTRIBUTE,STRING
detail_placement_view.placement,ATTRIBUTE,STRING
detail_placement_view.placement_type,ATTRIBUTE,ENUM
detail_placement_view.resource_name,ATTRIBUTE,RESOURCE_NAME
detail_placement_view.target_url,ATTRIBUTE,STRING
detailed_demographic,RESOURCE,MESSAGE
detailed_demographic.availabilities,ATTRIBUTE,MESSAGE
detailed_demographic.id,ATTRIBUTE,INT64
detailed_demographic.launched_to_all,ATTRIBUTE,BOOLEAN
detailed_demographic.name,ATTRIBUTE,STRING
detailed_demographic.parent,ATTRIBUTE,RESOURCE_NAME
detailed_demographic.resource_name,ATTRIBUTE,RESOURCE_NAME
display_keyword_view,RESOURCE,MESSAGE
display_keyword_view.resource_name,ATTRIBUTE,RESOURCE_NAME
distance_view,RESOURCE,MESSAGE
distance_view.distance_bucket,ATTRIBUTE,ENUM
distance_view.metric_system,ATTRIBUTE,BOOLEAN
distance_view.resource_name,ATTRIBUTE,RESOURCE_NAME
domain_category,RESOURCE,MESSAGE
domain_category.campaign,ATTRIBUTE,RESOURCE_NAME
domain_category.category,ATTRIBUTE,STRING
domain_category.category_rank,ATTRIBUTE,INT64
domain_category.coverage_fraction,ATTRIBUTE,DOUBLE
domain_category.domain,ATTRIBUTE,STRING
domain_category.has_children,ATTRIBUTE,BOOLEAN
domain_category.language_code,ATTRIBUTE,STRING
domain_category.recommended_cpc_bid_micros,ATTRIBUTE,INT64
domain_category.resource_name,ATTRIBUTE,RESOURCE_NAME
dynamic_search_ads_search_term_view,RESOURCE,MESSAGE
dynamic_search_ads_search_term_view.has_matching_keyword,ATTRIBUTE,BOOLEAN
dynamic_search_ads_search_term_view.has_negative_keyword,ATTRIBUTE,BOOLEAN
dynamic_search_ads_search_term_view.has_negative_url,ATTRIBUTE,BOOLEAN
dynamic_search_ads_search_term_view.headline,ATTRIBUTE,STRING
dynamic_search_ads_search_term_view.landing_page,ATTRIBUTE,STRING
dynamic_search_ads_search_term_view.page_url,ATTRIBUTE,STRING
dynamic_search_ads_search_term_view.resource_name,ATTRIBUTE,RESOURCE_NAME
dynamic_search_ads_search_term_view.search_term,ATTRIBUTE,STRING
expanded_landing_page_view,RESOURCE,MESSAGE
expanded_landing_page_view.expanded_final_url,ATTRIBUTE,STRING
expanded_landing_page_view.resource_name,ATTRIBUTE,RESOURCE_NAME
extension_feed_item,RESOURCE,MESSAGE
extension_feed_item.ad_schedules,ATTRIBUTE,MESSAGE
extension_feed_item.affiliate_location_feed_item.address_line_1,ATTRIBUTE,STRING
extension_feed_item.affiliate_location_feed_item.address_line_2,ATTRIBUTE,STRING
extension_feed_item.affiliate_location_feed_item.business_name,ATTRIBUTE,STRING
extension_feed_item.affiliate_location_feed_item.chain_id,ATTRIBUTE,INT64
extension_feed_item.affiliate_location_feed_item.chain_name,ATTRIBUTE,STRING
extension_feed_item.affiliate_location_feed_item.city,ATTRIBUTE,STRING
extension_feed_item.affiliate_location_feed_item.country_code,ATTRIBUTE,STRING
extension_feed_item.affiliate_location_feed_item.phone_number,ATTRIBUTE,STRING
extension_feed_item.affiliate_location_feed_item.postal_code,ATTRIBUTE,STRING
extension_feed_item.affiliate_location_feed_item.province,ATTRIBUTE,STRING
extension_feed_item.app_feed_item.app_id,ATTRIBUTE,STRING
extension_feed_item.app_feed_item.app_store,ATTRIBUTE,ENUM
extension_feed_item.app_feed_item.final_mobile_urls,ATTRIBUTE,STRING
extension_feed_item.app_feed_item.final_url_suffix,ATTRIBUTE,STRING
extension_feed_item.app_feed_item.final_urls,ATTRIBUTE,STRING
extension_feed_item.app_feed_item.link_text,ATTRIBUTE,STRING
extension_feed_item.app_feed_item.tracking_url_template,ATTRIBUTE,STRING
extension_feed_item.call_feed_item.call_conversion_action,ATTRIBUTE,RESOURCE_NAME
extension_feed_item.call_feed_item.call_conversion_reporting_state,ATTRIBUTE,ENUM
extension_feed_item.call_feed_item.call_conversion_tracking_disabled,ATTRIBUTE,BOOLEAN
extension_feed_item.call_feed_item.call_tracking_enabled,ATTRIBUTE,BOOLEAN
extension_feed_item.call_feed_item.country_code,ATTRIBUTE,STRING
extension_feed_item.call_feed_item.phone_number,ATTRIBUTE,STRING
extension_feed_item.callout_feed_item.callout_text,ATTRIBUTE,STRING
extension_feed_item.device,ATTRIBUTE,ENUM
extension_feed_item.end_date_time,ATTRIBUTE,DATE
extension_feed_item.extension_type,ATTRIBUTE,ENUM
extension_feed_item.hotel_callout_feed_item.language_code,ATTRIBUTE,STRING
extension_feed_item.hotel_callout_feed_item.text,ATTRIBUTE,STRING
extension_feed_item.id,ATTRIBUTE,INT64
extension_feed_item.image_feed_item.image_asset,ATTRIBUTE,RESOURCE_NAME
extension_feed_item.location_feed_item.address_line_1,ATTRIBUTE,STRING
extension_feed_item.location_feed_item.address_line_2,ATTRIBUTE,STRING
extension_feed_item.location_feed_item.business_name,ATTRIBUTE,STRING
extension_feed_item.location_feed_item.city,ATTRIBUTE,STRING
extension_feed_item.location_feed_item.country_code,ATTRIBUTE,STRING
extension_feed_item.location_feed_item.phone_number,ATTRIBUTE,STRING
extension_feed_item.location_feed_item.postal_code,ATTRIBUTE,STRING
extension_feed_item.location_feed_item.province,ATTRIBUTE,STRING
extension_feed_item.price_feed_item.final_url_suffix,ATTRIBUTE,STRING
extension_feed_item.price_feed_item.language_code,ATTRIBUTE,STRING
extension_feed_item.price_feed_item.price_offerings,ATTRIBUTE,MESSAGE
extension_feed_item.price_feed_item.price_qualifier,ATTRIBUTE,ENUM
extension_feed_item.price_feed_item.tracking_url_template,ATTRIBUTE,STRING
extension_feed_item.price_feed_item.type,ATTRIBUTE,ENUM
extension_feed_item.promotion_feed_item.discount_modifier,ATTRIBUTE,ENUM
extension_feed_item.promotion_feed_item.final_mobile_urls,ATTRIBUTE,STRING
extension_feed_item.promotion_feed_item.final_url_suffix,ATTRIBUTE,STRING
extension_feed_item.promotion_feed_item.final_urls,ATTRIBUTE,STRING
extension_feed_item.promotion_feed_item.language_code,ATTRIBUTE,STRING
extension_feed_item.promotion_feed_item.money_amount_off.amount_micros,ATTRIBUTE,INT64
extension_feed_item.promotion_feed_item.money_amount_off.currency_code,ATTRIBUTE,STRING
extension_feed_item.promotion_feed_item.occasion,ATTRIBUTE,ENUM
extension_feed_item.promotion_feed_item.orders_over_amount.amount_micros,ATTRIBUTE,INT64
extension_feed_item.promotion_feed_item.orders_over_amount.currency_code,ATTRIBUTE,STRING
extension_feed_item.promotion_feed_item.percent_off,ATTRIBUTE,INT64
extension_feed_item.promotion_feed_item.promotion_code,ATTRIBUTE,STRING
extension_feed_item.promotion_feed_item.promotion_end_date,ATTRIBUTE,DATE
extension_feed_item.promotion_feed_item.promotion_start_date,ATTRIBUTE,DATE
extension_feed_item.promotion_feed_item.promotion_target,ATTRIBUTE,STRING
extension_feed_item.promotion_feed_item.tracking_url_template,ATTRIBUTE,STRING
extension_feed_item.resource_name,ATTRIBUTE,RESOURCE_NAME
extension_feed_item.sitelink_feed_item.final_mobile_urls,ATTRIBUTE,STRING
extension_feed_item.sitelink_feed_item.final_url_suffix,ATTRIBUTE,STRING
extension_feed_item.sitelink_feed_item.final_urls,ATTRIBUTE,STRING
extension_feed_item.sitelink_feed_item.line1,ATTRIBUTE,STRING
extension_feed_item.sitelink_feed_item.line2,ATTRIBUTE,STRING
extension_feed_item.sitelink_feed_item.link_text,ATTRIBUTE,STRING
extension_feed_item.sitelink_feed_item.tracking_url_template,ATTRIBUTE,STRING
extension_feed_item.start_date_time,ATTRIBUTE,DATE
extension_feed_item.status,ATTRIBUTE,ENUM
extension_feed_item.structured_snippet_feed_item.header,ATTRIBUTE,STRING
extension_feed_item.structured_snippet_feed_item.values,ATTRIBUTE,STRING
extension_feed_item.targeted_ad_group,ATTRIBUTE,RESOURCE_NAME
extension_feed_item.targeted_campaign,ATTRIBUTE,RESOURCE_NAME
extension_feed_item.targeted_geo_target_constant,ATTRIBUTE,RESOURCE_NAME
extension_feed_item.targeted_keyword.match_type,ATTRIBUTE,ENUM
extension_feed_item.targeted_keyword.text,ATTRIBUTE,STRING
extension_feed_item.text_message_feed_item.business_name,ATTRIBUTE,STRING
extension_feed_item.text_message_feed_item.country_code,ATTRIBUTE,STRING
extension_feed_item.text_message_feed_item.extension_text,ATTRIBUTE,STRING
extension_feed_item.text_message_feed_item.phone_number,ATTRIBUTE,STRING
extension_feed_item.text_message_feed_item.text,ATTRIBUTE,STRING
feed,RESOURCE,MESSAGE
feed.affiliate_location_feed_data.chain_ids,ATTRIBUTE,INT64
feed.affiliate_location_feed_data.relationship_type,ATTRIBUTE,ENUM
feed.attributes,ATTRIBUTE,MESSAGE
feed.id,ATTRIBUTE,INT64
feed.name,ATTRIBUTE,STRING
feed.origin,ATTRIBUTE,ENUM
feed.places_location_feed_data.business_name_filter,ATTRIBUTE,STRING
feed.places_location_feed_data.category_filters,ATTRIBUTE,STRING
feed.places_location_feed_data.email_address,ATTRIBUTE,STRING
feed.places_location_feed_data.label_filters,ATTRIBUTE,STRING
feed.resource_name,ATTRIBUTE,RESOURCE_NAME
feed.status,ATTRIBUTE,ENUM
feed_item,RESOURCE,MESSAGE
feed_item.attribute_values,ATTRIBUTE,MESSAGE
feed_item.end_date_time,ATTRIBUTE,DATE
feed_item.feed,ATTRIBUTE,RESOURCE_NAME
feed_item.geo_targeting_restriction,ATTRIBUTE,ENUM
feed_item.id,ATTRIBUTE,INT64
feed_item.policy_infos,ATTRIBUTE,MESSAGE
feed_item.resource_name,ATTRIBUTE,RESOURCE_NAME
feed_item.start_date_time,ATTRIBUTE,DATE
feed_item.status,ATTRIBUTE,ENUM
feed_item.url_custom_parameters,ATTRIBUTE,MESSAGE
feed_item_set,RESOURCE,MESSAGE
feed_item_set.display_name,ATTRIBUTE,STRING
feed_item_set.dynamic_affiliate_location_set_filter.chain_ids,ATTRIBUTE,INT64
feed_item_set.dynamic_location_set_filter.business_name_filter.business_name,ATTRIBUTE,STRING
feed_item_set.dynamic_location_set_filter.business_name_filter.filter_type,ATTRIBUTE,ENUM
feed_item_set.dynamic_location_set_filter.labels,ATTRIBUTE,STRING
feed_item_set.feed,ATTRIBUTE,RESOURCE_NAME
feed_item_set.feed_item_set_id,ATTRIBUTE,INT64
feed_item_set.resource_name,ATTRIBUTE,RESOURCE_NAME
feed_item_set.status,ATTRIBUTE,ENUM
feed_item_set_link,RESOURCE,MESSAGE
feed_item_set_link.feed_item,ATTRIBUTE,RESOURCE_NAME
feed_item_set_link.feed_item_set,ATTRIBUTE,RESOURCE_NAME
feed_item_set_link.resource_name,ATTRIBUTE,RESOURCE_NAME
feed_item_target,RESOURCE,MESSAGE
feed_item_target.ad_group,ATTRIBUTE,RESOURCE_NAME
feed_item_target.ad_schedule,ATTRIBUTE,MESSAGE
feed_item_target.ad_schedule.day_of_week,ATTRIBUTE,ENUM
feed_item_target.campaign,ATTRIBUTE,RESOURCE_NAME
feed_item_target.device,ATTRIBUTE,ENUM
feed_item_target.feed_item,ATTRIBUTE,RESOURCE_NAME
feed_item_target.feed_item_target_id,ATTRIBUTE,INT64
feed_item_target.feed_item_target_type,ATTRIBUTE,ENUM
feed_item_target.geo_target_constant,ATTRIBUTE,RESOURCE_NAME
feed_item_target.keyword.match_type,ATTRIBUTE,ENUM
feed_item_target.keyword.text,ATTRIBUTE,STRING
feed_item_target.resource_name,ATTRIBUTE,RESOURCE_NAME
feed_item_target.status,ATTRIBUTE,ENUM
feed_mapping,RESOURCE,MESSAGE
feed_mapping.attribute_field_mappings,ATTRIBUTE,MESSAGE
feed_mapping.criterion_type,ATTRIBUTE,ENUM
feed_mapping.feed,ATTRIBUTE,RESOURCE_NAME
feed_mapping.placeholder_type,ATTRIBUTE,ENUM
feed_mapping.resource_name,ATTRIBUTE,RESOURCE_NAME
feed_mapping.status,ATTRIBUTE,ENUM
feed_placeholder_view,RESOURCE,MESSAGE
feed_placeholder_view.placeholder_type,ATTRIBUTE,ENUM
feed_placeholder_view.resource_name,ATTRIBUTE,RESOURCE_NAME
gender_view,RESOURCE,MESSAGE
gender_view.resource_name,ATTRIBUTE,RESOURCE_NAME
geo_target_constant,RESOURCE,MESSAGE
geo_target_constant.canonical_name,ATTRIBUTE,STRING
geo_target_constant.country_code,ATTRIBUTE,STRING
geo_target_constant.id,ATTRIBUTE,INT64
geo_target_constant.name,ATTRIBUTE,STRING
geo_target_constant.parent_geo_target,ATTRIBUTE,RESOURCE_NAME
geo_target_constant.resource_name,ATTRIBUTE,RESOURCE_NAME
geo_target_constant.status,ATTRIBUTE,ENUM
geo_target_constant.target_type,ATTRIBUTE,STRING
geographic_view,RESOURCE,MESSAGE
geographic_view.country_criterion_id,ATTRIBUTE,INT64
geographic_view.location_type,ATTRIBUTE,ENUM
geographic_view.resource_name,ATTRIBUTE,RESOURCE_NAME
group_placement_view,RESOURCE,MESSAGE
group_placement_view.display_name,ATTRIBUTE,STRING
group_placement_view.placement,ATTRIBUTE,STRING
group_placement_view.placement_type,ATTRIBUTE,ENUM
group_placement_view.resource_name,ATTRIBUTE,RESOURCE_NAME
group_placement_view.target_url,ATTRIBUTE,STRING
hotel_group_view,RESOURCE,MESSAGE
hotel_group_view.resource_name,ATTRIBUTE,RESOURCE_NAME
hotel_performance_view,RESOURCE,MESSAGE
hotel_performance_view.resource_name,ATTRIBUTE,RESOURCE_NAME
income_range_view,RESOURCE,MESSAGE
income_range_view.resource_name,ATTRIBUTE,RESOURCE_NAME
keyword_plan,RESOURCE,MESSAGE
keyword_plan.forecast_period,ATTRIBUTE,MESSAGE
keyword_plan.id,ATTRIBUTE,INT64
keyword_plan.name,ATTRIBUTE,STRING
keyword_plan.resource_name,ATTRIBUTE,RESOURCE_NAME
keyword_plan_ad_group,RESOURCE,MESSAGE
keyword_plan_ad_group.cpc_bid_micros,ATTRIBUTE,INT64
keyword_plan_ad_group.id,ATTRIBUTE,INT64
keyword_plan_ad_group.keyword_plan_campaign,ATTRIBUTE,RESOURCE_NAME
keyword_plan_ad_group.name,ATTRIBUTE,STRING
keyword_plan_ad_group.resource_name,ATTRIBUTE,RESOURCE_NAME
keyword_plan_ad_group_keyword,RESOURCE,MESSAGE
keyword_plan_ad_group_keyword.cpc_bid_micros,ATTRIBUTE,INT64
keyword_plan_ad_group_keyword.id,ATTRIBUTE,INT64
keyword_plan_ad_group_keyword.keyword_plan_ad_group,ATTRIBUTE,RESOURCE_NAME
keyword_plan_ad_group_keyword.match_type,ATTRIBUTE,ENUM
keyword_plan_ad_group_keyword.negative,ATTRIBUTE,BOOLEAN
keyword_plan_ad_group_keyword.resource_name,ATTRIBUTE,RESOURCE_NAME
keyword_plan_ad_group_keyword.text,ATTRIBUTE,STRING
keyword_plan_campaign,RESOURCE,MESSAGE
keyword_plan_campaign.cpc_bid_micros,ATTRIBUTE,INT64
keyword_plan_campaign.geo_targets,ATTRIBUTE,MESSAGE
keyword_plan_campaign.geo_targets.geo_target_constant,ATTRIBUTE,RESOURCE_NAME
keyword_plan_campaign.id,ATTRIBUTE,INT64
keyword_plan_campaign.keyword_plan,ATTRIBUTE,RESOURCE_NAME
keyword_plan_campaign.keyword_plan_network,ATTRIBUTE,ENUM
keyword_plan_campaign.language_constants,ATTRIBUTE,RESOURCE_NAME
keyword_plan_campaign.name,ATTRIBUTE,STRING
keyword_plan_campaign.resource_name,ATTRIBUTE,RESOURCE_NAME
keyword_plan_campaign_keyword,RESOURCE,MESSAGE
keyword_plan_campaign_keyword.id,ATTRIBUTE,INT64
keyword_plan_campaign_keyword.keyword_plan_campaign,ATTRIBUTE,RESOURCE_NAME
keyword_plan_campaign_keyword.match_type,ATTRIBUTE,ENUM
keyword_plan_campaign_keyword.negative,ATTRIBUTE,BOOLEAN
keyword_plan_campaign_keyword.resource_name,ATTRIBUTE,RESOURCE_NAME
keyword_plan_campaign_keyword.text,ATTRIBUTE,STRING
keyword_theme_constant,RESOURCE,MESSAGE
keyword_theme_constant.country_code,ATTRIBUTE,STRING
keyword_theme_constant.display_name,ATTRIBUTE,STRING
keyword_theme_constant.language_code,ATTRIBUTE,STRING
keyword_theme_constant.resource_name,ATTRIBUTE,RESOURCE_NAME
keyword_view,RESOURCE,MESSAGE
keyword_view.resource_name,ATTRIBUTE,RESOURCE_NAME
label,RESOURCE,MESSAGE
label.id,ATTRIBUTE,INT64
label.name,ATTRIBUTE,STRING
label.resource_name,ATTRIBUTE,RESOURCE_NAME
label.status,ATTRIBUTE,ENUM
label.text_label.background_color,ATTRIBUTE,STRING
label.text_label.description,ATTRIBUTE,STRING
landing_page_view,RESOURCE,MESSAGE
landing_page_view.resource_name,ATTRIBUTE,RESOURCE_NAME
landing_page_view.unexpanded_final_url,ATTRIBUTE,STRING
language_constant,RESOURCE,MESSAGE
language_constant.code,ATTRIBUTE,STRING
language_constant.id,ATTRIBUTE,INT64
language_constant.name,ATTRIBUTE,STRING
language_constant.resource_name,ATTRIBUTE,RESOURCE_NAME
language_constant.targetable,ATTRIBUTE,BOOLEAN
life_event,RESOURCE,MESSAGE
life_event.availabilities,ATTRIBUTE,MESSAGE
life_event.id,ATTRIBUTE,INT64
life_event.launched_to_all,ATTRIBUTE,BOOLEAN
life_event.name,ATTRIBUTE,STRING
life_event.parent,ATTRIBUTE,RESOURCE_NAME
life_event.resource_name,ATTRIBUTE,RESOURCE_NAME
location_view,RESOURCE,MESSAGE
location_view.resource_name,ATTRIBUTE,RESOURCE_NAME
managed_placement_view,RESOURCE,MESSAGE
managed_placement_view.resource_name,ATTRIBUTE,RESOURCE_NAME
media_file,RESOURCE,MESSAGE
media_file.audio.ad_duration_millis,ATTRIBUTE,INT64
media_file.file_size,ATTRIBUTE,INT64
media_file.id,ATTRIBUTE,INT64
media_file.image.full_size_image_url,ATTRIBUTE,STRING
media_file.image.preview_size_image_url,ATTRIBUTE,STRING
media_file.media_bundle.url,ATTRIBUTE,STRING
media_file.mime_type,ATTRIBUTE,ENUM
media_file.name,ATTRIBUTE,STRING
media_file.resource_name,ATTRIBUTE,RESOURCE_NAME
media_file.source_url,ATTRIBUTE,STRING
media_file.type,ATTRIBUTE,ENUM
media_file.video.ad_duration_millis,ATTRIBUTE,INT64
media_file.video.advertising_id_code,ATTRIBUTE,STRING
media_file.video.isci_code,ATTRIBUTE,STRING
media_file.video.youtube_video_id,ATTRIBUTE,STRING
metrics.absolute_top_impression_percentage,METRIC,DOUBLE
metrics.active_view_cpm,METRIC,DOUBLE
metrics.active_view_ctr,METRIC,DOUBLE
metrics.active_view_impressions,METRIC,INT64
metrics.active_view_measurability,METRIC,DOUBLE
metrics.active_view_measurable_cost_micros,METRIC,INT64
metrics.active_view_measurable_impressions,METRIC,INT64
metrics.active_view_viewability,METRIC,DOUBLE
metrics.all_conversions,METRIC,DOUBLE
metrics.all_conversions_by_conversion_date,METRIC,DOUBLE
metrics.all_conversions_from_click_to_call,METRIC,DOUBLE
metrics.all_conversions_from_directions,METRIC,DOUBLE
metrics.all_conversions_from_interactions_rate,METRIC,DOUBLE
metrics.all_conversions_from_interactions_value_per_interaction,METRIC,DOUBLE
metrics.all_conversions_from_menu,METRIC,DOUBLE
metrics.all_conversions_from_order,METRIC,DOUBLE
metrics.all_conversions_from_other_engagement,METRIC,DOUBLE
metrics.all_conversions_from_store_visit,METRIC,DOUBLE
metrics.all_conversions_from_store_website,METRIC,DOUBLE
metrics.all_conversions_value,METRIC,DOUBLE
metrics.all_conversions_value_by_conversion_date,METRIC,DOUBLE
metrics.all_conversions_value_per_cost,METRIC,DOUBLE
metrics.average_cost,METRIC,DOUBLE
metrics.average_cpc,METRIC,DOUBLE
metrics.average_cpe,METRIC,DOUBLE
metrics.average_cpm,METRIC,DOUBLE
metrics.average_cpv,METRIC,DOUBLE
metrics.average_page_views,METRIC,DOUBLE
metrics.average_time_on_site,METRIC,DOUBLE
metrics.benchmark_average_max_cpc,METRIC,DOUBLE
metrics.benchmark_ctr,METRIC,DOUBLE
metrics.bounce_rate,METRIC,DOUBLE
metrics.clicks,METRIC,INT64
metrics.combined_clicks,METRIC,INT64
metrics.combined_clicks_per_query,METRIC,DOUBLE
metrics.combined_queries,METRIC,INT64
metrics.content_budget_lost_impression_share,METRIC,DOUBLE
metrics.content_impression_share,METRIC,DOUBLE
metrics.content_rank_lost_impression_share,METRIC,DOUBLE
metrics.conversion_last_conversion_date,METRIC,DATE
metrics.conversion_last_received_request_date_time,METRIC,DATE
metrics.conversions,METRIC,DOUBLE
metrics.conversions_by_conversion_date,METRIC,DOUBLE
metrics.conversions_from_interactions_rate,METRIC,DOUBLE
metrics.conversions_from_interactions_value_per_interaction,METRIC,DOUBLE
metrics.conversions_value,METRIC,DOUBLE
metrics.conversions_value_by_conversion_date,METRIC,DOUBLE
metrics.conversions_value_per_cost,METRIC,DOUBLE
metrics.cost_micros,METRIC,INT64
metrics.cost_per_all_conversions,METRIC,DOUBLE
metrics.cost_per_conversion,METRIC,DOUBLE
metrics.cost_per_current_model_attributed_conversion,METRIC,DOUBLE
metrics.cross_device_conversions,METRIC,DOUBLE
metrics.ctr,METRIC,DOUBLE
metrics.current_model_attributed_conversions,METRIC,DOUBLE
metrics.current_model_attributed_conversions_from_interactions_rate,METRIC,DOUBLE
metrics.current_model_attributed_conversions_from_interactions_value_per_interaction,METRIC,DOUBLE
metrics.current_model_attributed_conversions_value,METRIC,DOUBLE
metrics.current_model_attributed_conversions_value_per_cost,METRIC,DOUBLE
metrics.engagement_rate,METRIC,DOUBLE
metrics.engagements,METRIC,INT64
metrics.gmail_forwards,METRIC,INT64
metrics.gmail_saves,METRIC,INT64
metrics.gmail_secondary_clicks,METRIC,INT64
metrics.historical_creative_quality_score,METRIC,ENUM
metrics.historical_landing_page_quality_score,METRIC,ENUM
metrics.historical_quality_score,METRIC,INT64
metrics.historical_search_predicted_ctr,METRIC,ENUM
metrics.hotel_average_lead_value_micros,METRIC,DOUBLE
metrics.hotel_eligible_impressions,METRIC,INT64
metrics.hotel_price_difference_percentage,METRIC,DOUBLE
metrics.impressions,METRIC,INT64
metrics.impressions_from_store_reach,METRIC,INT64
metrics.interaction_event_types,METRIC,ENUM
metrics.interaction_rate,METRIC,DOUBLE
metrics.interactions,METRIC,INT64
metrics.invalid_click_rate,METRIC,DOUBLE
metrics.invalid_clicks,METRIC,INT64
metrics.message_chat_rate,METRIC,DOUBLE
metrics.message_chats,METRIC,INT64
metrics.message_impressions,METRIC,INT64
metrics.mobile_friendly_clicks_percentage,METRIC,DOUBLE
metrics.optimization_score_uplift,METRIC,DOUBLE
metrics.optimization_score_url,METRIC,STRING
metrics.organic_clicks,METRIC,INT64
metrics.organic_clicks_per_query,METRIC,DOUBLE
metrics.organic_impressions,METRIC,INT64
metrics.organic_impressions_per_query,METRIC,DOUBLE
metrics.organic_queries,METRIC,INT64
metrics.percent_new_visitors,METRIC,DOUBLE
metrics.phone_calls,METRIC,INT64
metrics.phone_impressions,METRIC,INT64
metrics.phone_through_rate,METRIC,DOUBLE
metrics.relative_ctr,METRIC,DOUBLE
metrics.search_absolute_top_impression_share,METRIC,DOUBLE
metrics.search_budget_lost_absolute_top_impression_share,METRIC,DOUBLE
metrics.search_budget_lost_impression_share,METRIC,DOUBLE
metrics.search_budget_lost_top_impression_share,METRIC,DOUBLE
metrics.search_click_share,METRIC,DOUBLE
metrics.search_exact_match_impression_share,METRIC,DOUBLE
metrics.search_impression_share,METRIC,DOUBLE
metrics.search_rank_lost_absolute_top_impression_share,METRIC,DOUBLE
metrics.search_rank_lost_impression_share,METRIC,DOUBLE
metrics.search_rank_lost_top_impression_share,METRIC,DOUBLE
metrics.search_top_impression_share,METRIC,DOUBLE
metrics.sk_ad_network_conversions,METRIC,INT64
metrics.speed_score,METRIC,INT64
metrics.top_impression_percentage,METRIC,DOUBLE
metrics.valid_accelerated_mobile_pages_clicks_percentage,METRIC,DOUBLE
metrics.value_per_all_conversions,METRIC,DOUBLE
metrics.value_per_all_conversions_by_conversion_date,METRIC,DOUBLE
metrics.value_per_conversion,METRIC,DOUBLE
metrics.value_per_conversions_by_conversion_date,METRIC,DOUBLE
metrics.value_per_current_model_attributed_conversion,METRIC,DOUBLE
metrics.video_quartile_p100_rate,METRIC,DOUBLE
metrics.video_quartile_p25_rate,METRIC,DOUBLE
metrics.video_quartile_p50_rate,METRIC,DOUBLE
metrics.video_quartile_p75_rate,METRIC,DOUBLE
metrics.video_view_rate,METRIC,DOUBLE
metrics.video_views,METRIC,INT64
metrics.view_through_conversions,METRIC,INT64
mobile_app_category_constant,RESOURCE,MESSAGE
mobile_app_category_constant.id,ATTRIBUTE,INT32
mobile_app_category_constant.name,ATTRIBUTE,STRING
mobile_app_category_constant.resource_name,ATTRIBUTE,RESOURCE_NAME
mobile_device_constant,RESOURCE,MESSAGE
mobile_device_constant.id,ATTRIBUTE,INT64
mobile_device_constant.manufacturer_name,ATTRIBUTE,STRING
mobile_device_constant.name,ATTRIBUTE,STRING
mobile_device_constant.operating_system_name,ATTRIBUTE,STRING
mobile_device_constant.resource_name,ATTRIBUTE,RESOURCE_NAME
mobile_device_constant.type,ATTRIBUTE,ENUM
offline_user_data_job,RESOURCE,MESSAGE
offline_user_data_job.customer_match_user_list_metadata.user_list,ATTRIBUTE,RESOURCE_NAME
offline_user_data_job.external_id,ATTRIBUTE,INT64
offline_user_data_job.failure_reason,ATTRIBUTE,ENUM
offline_user_data_job.id,ATTRIBUTE,INT64
offline_user_data_job.resource_name,ATTRIBUTE,RESOURCE_NAME
offline_user_data_job.status,ATTRIBUTE,ENUM
offline_user_data_job.store_sales_metadata.loyalty_fraction,ATTRIBUTE,DOUBLE
offline_user_data_job.store_sales_metadata.third_party_metadata.advertiser_upload_date_time,ATTRIBUTE,DATE
offline_user_data_job.store_sales_metadata.third_party_metadata.bridge_map_version_id,ATTRIBUTE,STRING
offline_user_data_job.store_sales_metadata.third_party_metadata.partner_id,ATTRIBUTE,INT64
offline_user_data_job.store_sales_metadata.third_party_metadata.partner_match_fraction,ATTRIBUTE,DOUBLE
offline_user_data_job.store_sales_metadata.third_party_metadata.partner_upload_fraction,ATTRIBUTE,DOUBLE
offline_user_data_job.store_sales_metadata.third_party_metadata.valid_transaction_fraction,ATTRIBUTE,DOUBLE
offline_user_data_job.store_sales_metadata.transaction_upload_fraction,ATTRIBUTE,DOUBLE
offline_user_data_job.type,ATTRIBUTE,ENUM
operating_system_version_constant,RESOURCE,MESSAGE
operating_system_version_constant.id,ATTRIBUTE,INT64
operating_system_version_constant.name,ATTRIBUTE,STRING
operating_system_version_constant.operator_type,ATTRIBUTE,ENUM
operating_system_version_constant.os_major_version,ATTRIBUTE,INT32
operating_system_version_constant.os_minor_version,ATTRIBUTE,INT32
operating_system_version_constant.resource_name,ATTRIBUTE,RESOURCE_NAME
paid_organic_search_term_view,RESOURCE,MESSAGE
paid_organic_search_term_view.resource_name,ATTRIBUTE,RESOURCE_NAME
paid_organic_search_term_view.search_term,ATTRIBUTE,STRING
parental_status_view,RESOURCE,MESSAGE
parental_status_view.resource_name,ATTRIBUTE,RESOURCE_NAME
product_bidding_category_constant,RESOURCE,MESSAGE
product_bidding_category_constant.country_code,ATTRIBUTE,STRING
product_bidding_category_constant.id,ATTRIBUTE,INT64
product_bidding_category_constant.language_code,ATTRIBUTE,STRING
product_bidding_category_constant.level,ATTRIBUTE,ENUM
product_bidding_category_constant.localized_name,ATTRIBUTE,STRING
product_bidding_category_constant.product_bidding_category_constant_parent,ATTRIBUTE,RESOURCE_NAME
product_bidding_category_constant.resource_name,ATTRIBUTE,RESOURCE_NAME
product_bidding_category_constant.status,ATTRIBUTE,ENUM
product_group_view,RESOURCE,MESSAGE
product_group_view.resource_name,ATTRIBUTE,RESOURCE_NAME
recommendation,RESOURCE,MESSAGE
recommendation.ad_group,ATTRIBUTE,RESOURCE_NAME
recommendation.call_extension_recommendation,ATTRIBUTE,MESSAGE
recommendation.callout_extension_recommendation,ATTRIBUTE,MESSAGE
recommendation.campaign,ATTRIBUTE,RESOURCE_NAME
recommendation.campaign_budget,ATTRIBUTE,RESOURCE_NAME
recommendation.campaign_budget_recommendation,ATTRIBUTE,MESSAGE
recommendation.dismissed,ATTRIBUTE,BOOLEAN
recommendation.enhanced_cpc_opt_in_recommendation,ATTRIBUTE,MESSAGE
recommendation.forecasting_campaign_budget_recommendation,ATTRIBUTE,MESSAGE
recommendation.impact,ATTRIBUTE,MESSAGE
recommendation.keyword_match_type_recommendation,ATTRIBUTE,MESSAGE
recommendation.keyword_recommendation,ATTRIBUTE,MESSAGE
recommendation.marginal_roi_campaign_budget_recommendation,ATTRIBUTE,MESSAGE
recommendation.maximize_clicks_opt_in_recommendation,ATTRIBUTE,MESSAGE
recommendation.maximize_conversions_opt_in_recommendation,ATTRIBUTE,MESSAGE
recommendation.move_unused_budget_recommendation,ATTRIBUTE,MESSAGE
recommendation.optimize_ad_rotation_recommendation,ATTRIBUTE,MESSAGE
recommendation.resource_name,ATTRIBUTE,RESOURCE_NAME
recommendation.responsive_search_ad_recommendation,ATTRIBUTE,MESSAGE
recommendation.search_partners_opt_in_recommendation,ATTRIBUTE,MESSAGE
recommendation.sitelink_extension_recommendation,ATTRIBUTE,MESSAGE
recommendation.target_cpa_opt_in_recommendation,ATTRIBUTE,MESSAGE
recommendation.target_roas_opt_in_recommendation,ATTRIBUTE,MESSAGE
recommendation.text_ad_recommendation,ATTRIBUTE,MESSAGE
recommendation.type,ATTRIBUTE,ENUM
remarketing_action,RESOURCE,MESSAGE
remarketing_action.id,ATTRIBUTE,INT64
remarketing_action.name,ATTRIBUTE,STRING
remarketing_action.resource_name,ATTRIBUTE,RESOURCE_NAME
remarketing_action.tag_snippets,ATTRIBUTE,MESSAGE
search_term_view,RESOURCE,MESSAGE
search_term_view.ad_group,ATTRIBUTE,RESOURCE_NAME
search_term_view.resource_name,ATTRIBUTE,RESOURCE_NAME
search_term_view.search_term,ATTRIBUTE,STRING
search_term_view.status,ATTRIBUTE,ENUM
segments.ad_destination_type,SEGMENT,ENUM
segments.ad_network_type,SEGMENT,ENUM
segments.asset_interaction_target.asset,SEGMENT,RESOURCE_NAME
segments.asset_interaction_target.interaction_on_this_asset,SEGMENT,BOOLEAN
segments.budget_campaign_association_status.campaign,SEGMENT,RESOURCE_NAME
segments.budget_campaign_association_status.status,SEGMENT,ENUM
segments.click_type,SEGMENT,ENUM
segments.conversion_action,SEGMENT,RESOURCE_NAME
segments.conversion_action_category,SEGMENT,ENUM
segments.conversion_action_name,SEGMENT,STRING
segments.conversion_adjustment,SEGMENT,BOOLEAN
segments.conversion_attribution_event_type,SEGMENT,ENUM
segments.conversion_lag_bucket,SEGMENT,ENUM
segments.conversion_or_adjustment_lag_bucket,SEGMENT,ENUM
segments.conversion_value_rule_primary_dimension,SEGMENT,ENUM
segments.date,SEGMENT,DATE
segments.day_of_week,SEGMENT,ENUM
segments.device,SEGMENT,ENUM
segments.external_conversion_source,SEGMENT,ENUM
segments.geo_target_airport,SEGMENT,RESOURCE_NAME
segments.geo_target_canton,SEGMENT,RESOURCE_NAME
segments.geo_target_city,SEGMENT,RESOURCE_NAME
segments.geo_target_country,SEGMENT,RESOURCE_NAME
segments.geo_target_county,SEGMENT,RESOURCE_NAME
segments.geo_target_district,SEGMENT,RESOURCE_NAME
segments.geo_target_metro,SEGMENT,RESOURCE_NAME
segments.geo_target_most_specific_location,SEGMENT,RESOURCE_NAME
segments.geo_target_postal_code,SEGMENT,RESOURCE_NAME
segments.geo_target_province,SEGMENT,RESOURCE_NAME
segments.geo_target_region,SEGMENT,RESOURCE_NAME
segments.geo_target_state,SEGMENT,RESOURCE_NAME
segments.hotel_booking_window_days,SEGMENT,INT64
segments.hotel_center_id,SEGMENT,INT64
segments.hotel_check_in_date,SEGMENT,DATE
segments.hotel_check_in_day_of_week,SEGMENT,ENUM
segments.hotel_city,SEGMENT,RESOURCE_NAME
segments.hotel_class,SEGMENT,INT32
segments.hotel_country,SEGMENT,RESOURCE_NAME
segments.hotel_date_selection_type,SEGMENT,ENUM
segments.hotel_length_of_stay,SEGMENT,INT32
segments.hotel_price_bucket,SEGMENT,ENUM
segments.hotel_rate_rule_id,SEGMENT,STRING
segments.hotel_rate_type,SEGMENT,ENUM
segments.hotel_state,SEGMENT,RESOURCE_NAME
segments.hour,SEGMENT,INT32
segments.interaction_on_this_extension,SEGMENT,BOOLEAN
segments.keyword.ad_group_criterion,SEGMENT,RESOURCE_NAME
segments.keyword.info.match_type,SEGMENT,ENUM
segments.keyword.info.text,SEGMENT,STRING
segments.month,SEGMENT,DATE
segments.month_of_year,SEGMENT,ENUM
segments.partner_hotel_id,SEGMENT,STRING
segments.placeholder_type,SEGMENT,ENUM
segments.product_aggregator_id,SEGMENT,INT64
segments.product_bidding_category_level1,SEGMENT,RESOURCE_NAME
segments.product_bidding_category_level2,SEGMENT,RESOURCE_NAME
segments.product_bidding_category_level3,SEGMENT,RESOURCE_NAME
segments.product_bidding_category_level4,SEGMENT,RESOURCE_NAME
segments.product_bidding_category_level5,SEGMENT,RESOURCE_NAME
segments.product_brand,SEGMENT,STRING
segments.product_channel,SEGMENT,ENUM
segments.product_channel_exclusivity,SEGMENT,ENUM
segments.product_condition,SEGMENT,ENUM
segments.product_country,SEGMENT,RESOURCE_NAME
segments.product_custom_attribute0,SEGMENT,STRING
segments.product_custom_attribute1,SEGMENT,STRING
segments.product_custom_attribute2,SEGMENT,STRING
segments.product_custom_attribute3,SEGMENT,STRING
segments.product_custom_attribute4,SEGMENT,STRING
segments.product_item_id,SEGMENT,STRING
segments.product_language,SEGMENT,RESOURCE_NAME
segments.product_merchant_id,SEGMENT,INT64
segments.product_store_id,SEGMENT,STRING
segments.product_title,SEGMENT,STRING
segments.product_type_l1,SEGMENT,STRING
segments.product_type_l2,SEGMENT,STRING
segments.product_type_l3,SEGMENT,STRING
segments.product_type_l4,SEGMENT,STRING
segments.product_type_l5,SEGMENT,STRING
segments.quarter,SEGMENT,DATE
segments.recommendation_type,SEGMENT,ENUM
segments.search_engine_results_page_type,SEGMENT,ENUM
segments.search_term_match_type,SEGMENT,ENUM
segments.sk_ad_network_conversion_value,SEGMENT,INT64
segments.slot,SEGMENT,ENUM
segments.webpage,SEGMENT,RESOURCE_NAME
segments.week,SEGMENT,DATE
segments.year,SEGMENT,INT32
shared_criterion,RESOURCE,MESSAGE
shared_criterion.criterion_id,ATTRIBUTE,INT64
shared_criterion.keyword.match_type,ATTRIBUTE,ENUM
shared_criterion.keyword.text,ATTRIBUTE,STRING
shared_criterion.mobile_app_category.mobile_app_category_constant,ATTRIBUTE,RESOURCE_NAME
shared_criterion.mobile_application.app_id,ATTRIBUTE,STRING
shared_criterion.mobile_application.name,ATTRIBUTE,STRING
shared_criterion.placement.url,ATTRIBUTE,STRING
shared_criterion.resource_name,ATTRIBUTE,RESOURCE_NAME
shared_criterion.shared_set,ATTRIBUTE,RESOURCE_NAME
shared_criterion.type,ATTRIBUTE,ENUM
shared_criterion.youtube_channel.channel_id,ATTRIBUTE,STRING
shared_criterion.youtube_video.video_id,ATTRIBUTE,STRING
shared_set,RESOURCE,MESSAGE
shared_set.id,ATTRIBUTE,INT64
shared_set.member_count,ATTRIBUTE,INT64
shared_set.name,ATTRIBUTE,STRING
shared_set.reference_count,ATTRIBUTE,INT64
shared_set.resource_name,ATTRIBUTE,RESOURCE_NAME
shared_set.status,ATTRIBUTE,ENUM
shared_set.type,ATTRIBUTE,ENUM
shopping_performance_view,RESOURCE,MESSAGE
shopping_performance_view.resource_name,ATTRIBUTE,RESOURCE_NAME
smart_campaign_search_term_view,RESOURCE,MESSAGE
smart_campaign_search_term_view.campaign,ATTRIBUTE,RESOURCE_NAME
smart_campaign_search_term_view.resource_name,ATTRIBUTE,RESOURCE_NAME
smart_campaign_search_term_view.search_term,ATTRIBUTE,STRING
smart_campaign_setting,RESOURCE,MESSAGE
smart_campaign_setting.advertising_language_code,ATTRIBUTE,STRING
smart_campaign_setting.business_location_id,ATTRIBUTE,INT64
smart_campaign_setting.business_name,ATTRIBUTE,STRING
smart_campaign_setting.campaign,ATTRIBUTE,RESOURCE_NAME
smart_campaign_setting.final_url,ATTRIBUTE,STRING
smart_campaign_setting.phone_number.country_code,ATTRIBUTE,STRING
smart_campaign_setting.phone_number.phone_number,ATTRIBUTE,STRING
smart_campaign_setting.resource_name,ATTRIBUTE,RESOURCE_NAME
third_party_app_analytics_link,RESOURCE,MESSAGE
third_party_app_analytics_link.resource_name,ATTRIBUTE,RESOURCE_NAME
third_party_app_analytics_link.shareable_link_id,ATTRIBUTE,STRING
topic_constant,RESOURCE,MESSAGE
topic_constant.id,ATTRIBUTE,INT64
topic_constant.path,ATTRIBUTE,STRING
topic_constant.resource_name,ATTRIBUTE,RESOURCE_NAME
topic_constant.topic_constant_parent,ATTRIBUTE,RESOURCE_NAME
topic_view,RESOURCE,MESSAGE
topic_view.resource_name,ATTRIBUTE,RESOURCE_NAME
user_interest,RESOURCE,MESSAGE
user_interest.availabilities,ATTRIBUTE,MESSAGE
user_interest.launched_to_all,ATTRIBUTE,BOOLEAN
user_interest.name,ATTRIBUTE,STRING
user_interest.resource_name,ATTRIBUTE,RESOURCE_NAME
user_interest.taxonomy_type,ATTRIBUTE,ENUM
user_interest.user_interest_id,ATTRIBUTE,INT64
user_interest.user_interest_parent,ATTRIBUTE,RESOURCE_NAME
user_list,RESOURCE,MESSAGE
user_list.access_reason,ATTRIBUTE,ENUM
user_list.account_user_list_status,ATTRIBUTE,ENUM
user_list.basic_user_list.actions,ATTRIBUTE,MESSAGE
user_list.closing_reason,ATTRIBUTE,ENUM
user_list.crm_based_user_list.app_id,ATTRIBUTE,STRING
user_list.crm_based_user_list.data_source_type,ATTRIBUTE,ENUM
user_list.crm_based_user_list.upload_key_type,ATTRIBUTE,ENUM
user_list.description,ATTRIBUTE,STRING
user_list.eligible_for_display,ATTRIBUTE,BOOLEAN
user_list.eligible_for_search,ATTRIBUTE,BOOLEAN
user_list.id,ATTRIBUTE,INT64
user_list.integration_code,ATTRIBUTE,STRING
user_list.logical_user_list.rules,ATTRIBUTE,MESSAGE
user_list.match_rate_percentage,ATTRIBUTE,INT32
user_list.membership_life_span,ATTRIBUTE,INT64
user_list.membership_status,ATTRIBUTE,ENUM
user_list.name,ATTRIBUTE,STRING
user_list.read_only,ATTRIBUTE,BOOLEAN
user_list.resource_name,ATTRIBUTE,RESOURCE_NAME
user_list.rule_based_user_list.combined_rule_user_list.left_operand.rule_item_groups,ATTRIBUTE,MESSAGE
user_list.rule_based_user_list.combined_rule_user_list.left_operand.rule_type,ATTRIBUTE,ENUM
user_list.rule_based_user_list.combined_rule_user_list.right_operand.rule_item_groups,ATTRIBUTE,MESSAGE
user_list.rule_based_user_list.combined_rule_user_list.right_operand.rule_type,ATTRIBUTE,ENUM
user_list.rule_based_user_list.combined_rule_user_list.rule_operator,ATTRIBUTE,ENUM
user_list.rule_based_user_list.date_specific_rule_user_list.end_date,ATTRIBUTE,DATE
user_list.rule_based_user_list.date_specific_rule_user_list.rule.rule_item_groups,ATTRIBUTE,MESSAGE
user_list.rule_based_user_list.date_specific_rule_user_list.rule.rule_type,ATTRIBUTE,ENUM
user_list.rule_based_user_list.date_specific_rule_user_list.start_date,ATTRIBUTE,DATE
user_list.rule_based_user_list.expression_rule_user_list.rule.rule_item_groups,ATTRIBUTE,MESSAGE
user_list.rule_based_user_list.expression_rule_user_list.rule.rule_type,ATTRIBUTE,ENUM
user_list.rule_based_user_list.prepopulation_status,ATTRIBUTE,ENUM
user_list.similar_user_list.seed_user_list,ATTRIBUTE,RESOURCE_NAME
user_list.size_for_display,ATTRIBUTE,INT64
user_list.size_for_search,ATTRIBUTE,INT64
user_list.size_range_for_display,ATTRIBUTE,ENUM
user_list.size_range_for_search,ATTRIBUTE,ENUM
user_list.type,ATTRIBUTE,ENUM
user_location_view,RESOURCE,MESSAGE
user_location_view.country_criterion_id,ATTRIBUTE,INT64
user_location_view.resource_name,ATTRIBUTE,RESOURCE_NAME
user_location_view.targeting_location,ATTRIBUTE,BOOLEAN
video,RESOURCE,MESSAGE
video.channel_id,ATTRIBUTE,STRING
video.duration_millis,ATTRIBUTE,INT64
video.id,ATTRIBUTE,STRING
video.resource_name,ATTRIBUTE,RESOURCE_NAME
video.title,ATTRIBUTE,STRING
webpage_view,RESOURCE,MESSAGE
webpage_view.resource_name,ATTRIBUTE,RESOURCE_NAME